species,type,estimate,se
Abert's Towhee,intercept,0.3075402637707153,0.4058328391770755
Acadian Flycatcher,intercept,1.7958129504918419,0.2471142070585846
Acorn Woodpecker,intercept,0.10789261843259501,0.39674444382339086
Akikiki,intercept,1.3775772798464014,0.8412418563536871
Alagoas Tyrannulet,intercept,-0.4294725298584715,0.661362439040532
Alder Flycatcher,intercept,2.875294162546603,0.2623746994229392
Allen's Hummingbird,intercept,1.100313182051238,0.5302591425252678
Allpahuayo Antbird,intercept,0.8504051634446539,0.8118437714094976
Amani Sunbird,intercept,1.4965118297533362,0.615659033071624
American Crow,intercept,0.7725489045105899,0.09254213020665857
American Dipper,intercept,0.1561407047631298,0.4571449221511327
American Goldfinch,intercept,0.9287938433782257,0.09382095204553657
American Kestrel,intercept,0.972726436695692,0.25286752796920925
American Pipit,intercept,0.2844041701207296,0.32846277331754936
American Redstart,intercept,1.4787311245932009,0.1616795599303979
American Robin,intercept,1.4498495954257282,0.09246321299427902
American Three-toed Woodpecker,intercept,0.8500974930888842,0.44203076593370433
American Tree Sparrow,intercept,1.0306802238088502,0.349108828754198
Andaman Bulbul,intercept,1.0637595029652835,0.5309476837867947
Andaman Cuckooshrike,intercept,1.2931624532405805,0.7667018147531028
Andaman Serpent-Eagle,intercept,1.0962459396037145,0.7732331285868431
Andaman Teal,intercept,-0.2716146394276583,0.39633042454501777
Andaman Treepie,intercept,-0.09525150810695249,0.46702724967884973
Andaman Wood-Pigeon,intercept,1.0732142070992652,0.6696881530102203
Andaman Woodpecker,intercept,0.5537959648516655,0.56933678710702
Anna's Hummingbird,intercept,0.928729522141961,0.316606850086756
Antioquia Brushfinch,intercept,0.578572263951004,0.7443469535349372
Apolinar's Wren,intercept,0.7119263188265806,0.5968655399168777
Araripe Manakin,intercept,1.078475983099224,0.3945946670649647
Arctic Warbler,intercept,1.5952493608770415,0.7732193367024686
Arizona Woodpecker,intercept,0.47511888106222866,0.7129776233918054
Ash-throated Flycatcher,intercept,1.5785318600983422,0.3217212403915447
Audubon's Oriole,intercept,0.9189709994944268,0.8654710734360135
Azores Bullfinch,intercept,1.4833470269372508,0.509270325336794
Azure-rumped Tanager,intercept,1.1194662579083166,0.659758183057217
Bachman's Sparrow,intercept,0.7641111862345417,0.6499541381768278
Bahama Oriole,intercept,-0.5401170406666883,0.4867992052413131
Bahama Swallow,intercept,0.37783135917567034,0.5549448838356968
Bahia Antwren,intercept,0.8226995387870547,0.5535422102123522
Bahia Tapaculo,intercept,0.7877011552456156,0.771940109925614
Baird's Sparrow,intercept,1.712169034489102,0.5847298325086062
Baird's Trogon,intercept,0.9954842300417195,0.8091362539479227
Baltimore Oriole,intercept,1.4337128085446733,0.16102277674202425
Band-tailed Antwren,intercept,1.213096837271266,0.6526602563673289
Band-tailed Pigeon,intercept,0.8558001419011144,0.29821479865697453
Banded Cotinga,intercept,0.912424016610363,0.7506447795049038
Banded Sunbird,intercept,1.102932572262775,0.7331200246915396
Bank Swallow,intercept,0.20786303011164464,0.12384379128311386
Bar-tailed Godwit,intercept,0.04470528968910814,0.4768858698415922
Barbuda Warbler,intercept,1.0019489141196236,0.4363380191217886
Barn Owl,intercept,0.045497333264477025,0.47114829155652466
Barn Swallow,intercept,0.7431413622683303,0.09097782133439458
Barred Owl,intercept,1.8185472869098513,0.3386708733670573
Bates's Weaver,intercept,0.6574281942748599,0.7934613802671692
Baudo Oropendola,intercept,0.9820093599801688,0.8337315678979494
Bay-breasted Cuckoo,intercept,1.1801844688536012,0.6309725845919533
Bay-breasted Warbler,intercept,2.107011896686194,0.5690443408382201
Bay-vented Cotinga,intercept,0.9570006386349903,0.7550816804279313
Beck's Petrel,intercept,0.8954419543089237,0.7783936283106146
Belding's Yellowthroat,intercept,0.3619036607970614,0.47294291262710775
Bell's Sparrow,intercept,0.844107586361631,0.6321113173722429
Bell's Vireo,intercept,1.7013328582698648,0.3244698675838627
Belted Kingfisher,intercept,0.8279965080745506,0.2833681529024567
Bendire's Thrasher,intercept,0.10810966482676543,0.5658205506897434
Bengal Florican,intercept,-0.24690917002718826,0.7009036981089777
Bernier's Teal,intercept,0.7725608954175167,0.8331175198349907
Bewick's Wren,intercept,0.8737640497638274,0.23659458255265467
Bicolored Antpitta,intercept,1.0960703586207163,0.7800786626469868
Bicolored Antvireo,intercept,0.8380471845059522,0.8476800505272802
Black-and-white Warbler,intercept,1.5874217853653523,0.22647343422825622
Black-backed Woodpecker,intercept,1.1776102562862594,0.6409542131461045
Black-billed Cuckoo,intercept,1.2211890958605274,0.3942230495828264
Black-billed Magpie,intercept,0.745729869616617,0.180552781892369
Black-breasted Parrotbill,intercept,0.8791151102773046,0.8249910933193417
Black-breasted Puffleg,intercept,0.09780702684274667,0.7908965066490905
Black-capped Chickadee,intercept,1.0642556169459194,0.10770798186772704
Black-capped Vireo,intercept,0.9709908747200234,0.7949860417348831
Black-chinned Hummingbird,intercept,1.1385289091405946,0.24398973517022587
Black-chinned Sparrow,intercept,0.356267926770622,0.6888596473361771
Black-crested Titmouse,intercept,0.7872496822381634,0.5027613189904262
Black-eared Miner,intercept,0.3073064840499271,0.798535116658795
Black-headed Berryeater,intercept,0.8662633096777659,0.84586034702095525
Black-headed Grosbeak,intercept,1.272189836244149,0.2473080854198587
Black-headed Gull,intercept,0.10249474876913578,0.37839087753854633
Black-hooded Antwren,intercept,-0.06932759756824725,0.7923816669734001
Black-legged Kittiwake,intercept,0.44361777218115955,0.38041172725072825
Black-mantled Goshawk,intercept,0.857715726645361,0.8485122714662904
Black-spectacled Brushfinch,intercept,0.766644927790471,0.5975556741216995
Black-tailed Gnatcatcher,intercept,0.6098394868353947,0.4482893536798715
Black-tailed Godwit,intercept,-0.15796117220508366,0.40704830420183874
Black-throated Blue Warbler,intercept,1.2770493125138438,0.3304434779509535
Black-throated Gray Warbler,intercept,1.695286121773464,0.459584898763986
Black-throated Green Warbler,intercept,1.2877422452372222,0.21990178209332084
Black-throated Shrikebill,intercept,0.9993121637151776,0.8108107910106468
Black-throated Sparrow,intercept,2.105375658477537,0.31034778878820823
Black-whiskered Vireo,intercept,0.917696428927749,0.8632755991964776
Black-winged Starling,intercept,0.19825747757897072,0.7975276325128379
Black Phoebe,intercept,0.7663009376679886,0.4215204813026631
Black Stilt,intercept,-0.47633838504529613,0.569453868562771
Black Swift,intercept,0.3509418710118405,0.5959200499522477
Black Tinamou,intercept,0.8689904246806759,0.8504977587569675
Black Vulture,intercept,0.36177673366356833,0.16309347665110283
Blackburnian Warbler,intercept,2.2840618221920592,0.3804556830653234
Blackpoll Warbler,intercept,1.9522355286006707,0.4838560934619796
Blue-and-gold Tanager,intercept,1.0801298964075352,0.8456147171339901
Blue-banded Kingfisher,intercept,1.013377102651167,0.8482007476198904
Blue-billed Curassow,intercept,0.8984071868841669,0.8352967016112485
Blue-capped Hummingbird,intercept,0.16454376690509942,0.46541889638942885
Blue-capped Kingfisher,intercept,0.9552716964840191,0.780758971229278
Blue-eyed Ground-Dove,intercept,0.4186243285508269,0.7950612829052753
Blue-fronted Lorikeet,intercept,0.6183948024482687,0.7904997268156974
Blue-gray Gnatcatcher,intercept,2.6106203325424913,0.1547229666522853
Blue-headed Quail-Dove,intercept,0.2517186380045273,0.6990494602250562
Blue-headed Racquet-tail,intercept,0.6227721348133617,0.5969796844901039
Blue-headed Vireo,intercept,1.3692938463344286,0.2933351220425579
Blue-throated Macaw,intercept,0.7406081378673028,0.789298777852692
Blue-winged Warbler,intercept,1.4116194896048246,0.325661394718754
Blue Grosbeak,intercept,2.0234677490067683,0.2299983841989421
Blue Jay,intercept,0.8400798286446627,0.10243433208995334
Bluethroat,intercept,0.8694863935534985,0.7956652574021926
Boat-tailed Grackle,intercept,0.11534901616763626,0.2036253723250136
Bobolink,intercept,1.3710219353002016,0.187458135391342
Bogota Rail,intercept,1.2816446892265203,0.5927588741738675
Bohemian Waxwing,intercept,0.6111427275532977,0.4901714073061319
Boreal Chickadee,intercept,1.7765558959661014,0.32869375738362266
Botha's Lark,intercept,0.8498840451082663,0.8433363749031954
Botteri's Sparrow,intercept,0.47636964378703966,0.6581389444622723
Brant,intercept,-0.030545401601557054,0.3831465590685803
Brazilian Merganser,intercept,0.0915560206002567,0.864710289968905
Brewer's Blackbird,intercept,1.1299632438507292,0.15052202581193463
Brewer's Sparrow,intercept,2.2634915282830126,0.3317705586864996
Bridled Titmouse,intercept,-0.26026782871413745,0.5912750690963446
Bristled Grassbird,intercept,0.8794648622398316,0.8576376852507264
Broad-billed Hummingbird,intercept,0.6352355452559664,0.505279751215111
Broad-tailed Hummingbird,intercept,1.1520143040239335,0.26796757651438835
Broad-winged Hawk,intercept,1.4876032688721048,0.35860160623899967
Bronzed Cowbird,intercept,0.7226486535275103,0.4809601211262921
Brown-banded Antpitta,intercept,1.0556100691752974,0.79976132625928
Brown-crested Flycatcher,intercept,1.5964862324123263,0.5176691420474756
Brown-headed Cowbird,intercept,1.515620536432914,0.10372721033257597
Brown-headed Nuthatch,intercept,1.0790727032434537,0.3617359644747713
Brown Creeper,intercept,1.3717316146000762,0.2898623051008105
Brown Thrasher,intercept,1.2161747251607045,0.1770325764359347
Buff-bellied Hummingbird,intercept,0.32559443256211884,0.5943038890432181
Buff-breasted Tody-Tyrant,intercept,0.09148766740307823,0.6094370013755216
Bugun Liocichla,intercept,2.311604748029897,0.6104075269674417
Bullock's Oriole,intercept,1.3187202974285548,0.2397534588485156
Burrowing Owl,intercept,0.626639182917367,0.4579002525272181
Bushtit,intercept,0.40737603961086805,0.2762144977041484
Cactus Wren,intercept,0.1644537706379826,0.4432726456944368
California Quail,intercept,0.45115078563041666,0.22724449551749465
California Scrub-Jay,intercept,0.40053085583097037,0.38390360963621967
California Thrasher,intercept,1.0549737382038389,0.7910652444445153
California Towhee,intercept,1.6953330330868943,0.5453206027443992
Calliope Hummingbird,intercept,1.3062585356004253,0.4421679526613804
Canada Jay,intercept,1.4558347212866294,0.25937477276663273
Canada Warbler,intercept,0.6707805556733807,0.5486601021910684
Canyon Towhee,intercept,1.5335751025884408,0.4769557051175327
Canyon Wren,intercept,0.44436788451383,0.5048606576803377
Cape May Warbler,intercept,1.1971947322867595,0.42649135091142987
Cape Verde Swamp Warbler,intercept,0.7745791572117189,0.49837258030335685
Carolina Chickadee,intercept,1.1458010252449682,0.14007080072896252
Carolina Wren,intercept,1.2869803930558505,0.12902927272397474
Caroline Islands Ground-Dove,intercept,1.0699468104149392,0.5841983714464469
Carunculated Caracara,intercept,0.003447508576164826,0.5372460945847664
Cassin's Finch,intercept,1.0098364332653846,0.2859094141011187
Cassin's Kingbird,intercept,0.6363417733621093,0.4039317561950522
Cassin's Sparrow,intercept,2.074774103396266,0.443280304041017
Cassin's Vireo,intercept,1.9683750199935361,0.42857882275905007
Cauca Guan,intercept,0.9605111475912924,0.41911611186395387
Cave Swallow,intercept,-0.8351600631894945,0.34876943285264844
Cedar Waxwing,intercept,1.1616845915351313,0.10295286276035268
Cerulean Warbler,intercept,0.5521140639726969,0.37516929593012205
Chapin's Flycatcher,intercept,0.3877868513333931,0.7918103584896967
Chatham Island Pigeon,intercept,0.19107632257459595,0.3985096879035632
Chatham Islands Snipe,intercept,2.4089388495355646,0.5327528745342246
Cheer Pheasant,intercept,0.8993381055124541,0.8494302942579837
Chestnut-backed Chickadee,intercept,1.2160195483938696,0.25853293633843244
Chestnut-bellied Flowerpiercer,intercept,1.4146632802541745,0.6657706739759611
Chestnut-bellied Guan,intercept,-0.32575148054147995,0.5337728378694525
Chestnut-bellied Hummingbird,intercept,0.7720694625310042,0.7329865113120497
Chestnut-bellied Imperial-Pigeon,intercept,0.7251435317621133,0.7824616360941795
Chestnut-collared Longspur,intercept,1.4396187052023564,0.4528560904394435
Chestnut-necklaced Partridge,intercept,0.8677598262601015,0.8545168387583801
Chestnut-sided Warbler,intercept,1.9839587797494396,0.24623155324796206
Chihuahuan Raven,intercept,0.12774090262689808,0.4961947154918818
Chimney Swift,intercept,0.6838636283532589,0.11321637484863395
Chipping Sparrow,intercept,1.8674327115382852,0.10423257230922804
Cholo Alethe,intercept,0.15681789385298017,0.798058968134664
Chuck-will's-widow,intercept,1.8934538411650714,0.6104876404910223
Chukar,intercept,0.6152393606392134,0.5138408346065685
Clark's Nutcracker,intercept,-0.28246179889253054,0.3784185694431888
Clay-colored Sparrow,intercept,1.9989842249590661,0.23435338054906685
Cliff Swallow,intercept,0.9024939366747035,0.09866711375764928
Common Buzzard,intercept,0.7934749509117436,0.5903194429840494
Common Eider,intercept,-0.1069528062568027,0.32731375987495376
Common Goldeneye,intercept,-0.009366110323669408,0.5344098557876412
Common Grackle,intercept,0.9312729386099148,0.09519515255262853
Common Greenshank,intercept,0.5087090585342038,0.8674409632285088
Common Ground-Dove,intercept,1.1579606895816013,0.34001279995844386
Common House-Martin,intercept,0.8632544064278426,0.42900650061071455
Common Nighthawk,intercept,1.7544906009270536,0.26668507979838396
Common Pochard,intercept,-0.6107185341681088,0.38394376290721016
Common Poorwill,intercept,1.1075251955934293,0.4956875959994183
Common Raven,intercept,0.44832071337654505,0.13640828764952315
Common Redpoll,intercept,1.0809733590585222,0.24260208768013722
Common Redshank,intercept,-0.0452792746736026,0.32220147404603056
Common Ringed Plover,intercept,0.2677158950507842,0.5680333134022192
Common Shelduck,intercept,-0.02922561349608155,0.40861912049090066
Common Tern,intercept,-0.31682334786085675,0.42483508446923457
Common Wood-Pigeon,intercept,1.1889508643757436,0.3802998509578766
Common Yellowthroat,intercept,1.5766242021078725,0.12086687111310547
Connecticut Warbler,intercept,1.0634762889462692,0.6291609945964335
Cooper's Hawk,intercept,0.7142910838594971,0.4635182127959883
Cordilleran Flycatcher,intercept,0.7727040701132264,0.42505141195607016
Costa's Hummingbird,intercept,1.1592232858508187,0.563796584009343
Couch's Kingbird,intercept,0.6931874012843242,0.6302374327338492
Crested Caracara,intercept,0.12943074963720014,0.5972283085327489
Crimson-headed Partridge,intercept,-0.10603483168056982,0.5602302013163406
Crissal Thrasher,intercept,0.40296504467342725,0.7455720951975379
Cundinamarca Antpitta,intercept,0.7120626919044167,0.46920060503229344
Curve-billed Thrasher,intercept,0.732304758695594,0.4156327102575058
Dark-eyed Junco,intercept,1.6234707991552626,0.14483043714410562
Dickcissel,intercept,1.5645567273182663,0.1734657732465134
Downy Woodpecker,intercept,1.2757869557108388,0.14428649593861304
Dunlin,intercept,0.27905055296210945,0.3826576117111508
Dusky Flycatcher,intercept,1.5249256803542544,0.4904360217310761
Dusky Starfrontlet,intercept,0.8299742652637052,0.7990767531036291
Eastern Bluebird,intercept,1.5425425625663585,0.13266143367828545
Eastern Kingbird,intercept,1.3251207012787305,0.12989497148264384
Eastern Meadowlark,intercept,2.0498523912568465,0.18744748271285955
Eastern Phoebe,intercept,2.135558735754482,0.17195491019453713
Eastern Screech-Owl,intercept,0.43491397389294595,0.5436348032965235
Eastern Towhee,intercept,1.7284130899023262,0.13955560579667806
Eastern Whip-poor-will,intercept,1.653649010451891,0.40059769221589003
Eastern Wood-Pewee,intercept,1.1151097442548612,0.18047678650058735
Edwards's Pheasant,intercept,0.620182657361944,0.7916388111717264
Elf Owl,intercept,0.5539432953213912,0.7750190808420395
Esmeraldas Woodstar,intercept,0.8167034594332692,0.7687495770871127
Eurasian Blackbird,intercept,1.5472608518350774,0.43257523103433493
Eurasian Collared-Dove,intercept,0.756501945657595,0.1322709206244451
Eurasian Coot,intercept,0.11085732843924112,0.3832268275042133
Eurasian Curlew,intercept,0.1683805747797147,0.32486617798694467
Eurasian Jackdaw,intercept,0.896449088683621,0.3910162879028114
Eurasian Kestrel,intercept,0.8544752062863001,0.6629836027336972
Eurasian Oystercatcher,intercept,0.2524385481685314,0.38322436719041686
Eurasian Sparrowhawk,intercept,0.9838505277260807,0.7741773350315744
Eurasian Tree Sparrow,intercept,0.035465280322503956,0.5298880467313437
Eurasian Wigeon,intercept,0.15680129557753797,0.3773780175590007
European Golden-Plover,intercept,0.22803281659866048,0.37723974879050726
European Starling,intercept,0.9588655491357,0.09567788899640599
European Stonechat,intercept,1.0227154524776148,0.7204215687575729
Evening Grosbeak,intercept,1.1000854581777484,0.31071696890713735
Fernandina's Flicker,intercept,0.2535075469402056,0.6526891805034514
Ferruginous Duck,intercept,1.352929989267108,0.8095315365545067
Ferruginous Hawk,intercept,0.4126105140405402,0.5775275641876348
Field Sparrow,intercept,1.5257578045518385,0.16637627760913962
Fiji Goshawk,intercept,0.5809081599704443,0.6226285183658357
Fiji Petrel,intercept,1.1747647112305273,0.8028519883511555
Fischer's Turaco,intercept,0.8509832902596794,0.8152640315187915
Fish Crow,intercept,0.02574878715824236,0.19116852967713205
Flammulated Owl,intercept,0.7483454335188695,0.7813206904063896
Flores Crow,intercept,0.5081172993963661,0.6742460875125632
Flores Hawk-Eagle,intercept,0.05168750197926031,0.7908397511617345
Flores Scops-Owl,intercept,0.06558799704216722,0.8010628796524127
Forest Buzzard,intercept,0.8745894874420362,0.8573748153379329
Forty-spotted Pardalote,intercept,1.2695722775693432,0.5752642381377043
Fox Sparrow,intercept,1.173763785282433,0.27820515892497016
Fringe-backed Fire-eye,intercept,0.29242153003196425,0.5367893026585423
Gadwall,intercept,-0.8829796388149437,0.4738606833391038
Galapagos Hawk,intercept,-0.3332215075976793,0.4682534297784905
Galapagos Martin,intercept,0.80436627197413,0.8083842196122153
Gambel's Quail,intercept,0.4818367788253809,0.21559497734038355
Garganey,intercept,0.8135676759253355,0.8840343921749888
Genovesa Cactus-Finch,intercept,1.8636410896450584,0.46994024811678065
Genovesa Ground-Finch,intercept,1.44153854460397,0.4207533673252765
Giant Antpitta,intercept,0.9126840969591354,0.8522350357280029
Giant Kingbird,intercept,0.11952056564425406,0.4751972448048006
Gila Woodpecker,intercept,0.787236074017675,0.48423170806260524
Gilded Flicker,intercept,1.1467648078399144,0.7594600031400612
Glaucous Gull,intercept,1.070045491404262,0.8597084509364551
Gold-ringed Tanager,intercept,0.9639352625222228,0.5825305771098367
Golden-cheeked Warbler,intercept,0.7159778690308665,0.7277070818366517
Golden-crowned Kinglet,intercept,2.3105449694485687,0.2347050738959354
Golden-crowned Sparrow,intercept,1.7199023442122634,0.5123745327364544
Golden-fronted Woodpecker,intercept,0.7666390452126456,0.5105981756464386
Golden-winged Warbler,intercept,1.4170686617953852,0.5660949880607626
Golden Swallow,intercept,0.24447912723592646,0.4239406970320318
Grace's Warbler,intercept,1.4486251587943748,0.4855478742865549
Grasshopper Sparrow,intercept,2.296346917090422,0.24879118986837193
Gray-breasted Parakeet,intercept,0.2721644633141991,0.3964262893365747
Gray-cheeked Thrush,intercept,1.243970511961755,0.33322969181131845
Gray-fronted Quail-Dove,intercept,0.9201244605213402,0.7846158587858685
Gray Catbird,intercept,1.3397990102336836,0.11358919919879867
Gray Flycatcher,intercept,0.9958831924649183,0.5445350427774233
Gray Heron,intercept,0.0025585755978322355,0.40957617375682165
Gray Kingbird,intercept,0.9343978161045382,0.7236641766734422
Gray Partridge,intercept,0.9190473612041709,0.3535909588449558
Gray Vireo,intercept,1.4026245803640978,0.6573874828489431
Graylag Goose,intercept,0.17060699504904864,0.3875246403748321
Great-tailed Grackle,intercept,0.3297442362665455,0.17853841023465103
Great Cormorant,intercept,-0.46406461788151765,0.3128388795671416
Great Crested Flycatcher,intercept,1.4147462627375083,0.19111653769385886
Great Crested Grebe,intercept,-0.4660829751441763,0.39043175992416623
Great Egret,intercept,0.3291952947569906,0.8677227585963568
Great Horned Owl,intercept,1.5991678226450339,0.3093544032393329
Greater Adjutant,intercept,-0.9267579059244092,0.379761059907811
Greater Pewee,intercept,0.7037438013405324,0.7943898962923929
Greater Prairie-Chicken,intercept,0.9740804005592428,0.8232992649400789
Greater Roadrunner,intercept,0.47403136910086396,0.4113134876284738
Greater Scaup,intercept,0.23563451980873984,0.7331171363353151
Green-billed Coucal,intercept,1.1096497411083086,0.8228671965398683
Green-capped Tanager,intercept,0.49960916968092683,0.6403557220733821
Green-tailed Towhee,intercept,2.1065896521907024,0.40491239785871996
Green-winged Teal,intercept,0.0646863356910169,0.37670465280801363
Green Jay,intercept,0.24224720825621693,0.6409059414238777
Green Racquet-tail,intercept,0.6161940861652615,0.7851588806051972
Groove-billed Ani,intercept,0.14370229249932653,0.7007631547329729
Gundlach's Hawk,intercept,0.8359495632217108,0.8449211335855592
Hainan Leaf Warbler,intercept,0.30213961354526675,0.5056825774873193
Hairy Woodpecker,intercept,0.9588665925340598,0.2201480174405544
Hammond's Flycatcher,intercept,2.31108666688308,0.4849602530866007
Harris's Hawk,intercept,0.9447047320750668,0.7560896728656626
Hawaiian Coot,intercept,0.29262282821816854,0.3815672221139817
Hawaiian Goose,intercept,0.10025032973696468,0.4225504996691915
Helmeted Curassow,intercept,0.8823251566136503,0.8518550013715327
Henna-hooded Foliage-gleaner,intercept,0.9498983674937773,0.730869178589705
Henslow's Sparrow,intercept,0.24520306397995617,0.41123287784775575
Hepatic Tanager,intercept,0.4255855456232322,0.46568873476694667
Hermit Thrush,intercept,2.4371954838886873,0.2665576954184169
Hermit Warbler,intercept,1.2585036600782373,0.6413079367949287
Himalayan Quail,intercept,0.41978546068254813,0.7973973980728415
Hinde's Pied-Babbler,intercept,0.2752274320554351,0.5358504127344147
Hispaniolan Parakeet,intercept,-0.042651958025397674,0.39215019151730246
Hoary Redpoll,intercept,1.3005943136818827,0.36684974267581805
Honduran Emerald,intercept,0.5256550220186027,0.41097934346066306
Hooded Antpitta,intercept,0.8004052653916351,0.8593711100834742
Hooded Oriole,intercept,0.4893610481064775,0.6384342105479358
Hooded Warbler,intercept,2.0180914133553434,0.29164542435936236
Hook-billed Hermit,intercept,0.2386713968794799,0.7917427961092415
Horned Lark,intercept,1.9796152518843284,0.19336943405262796
Hottentot Buttonquail,intercept,0.8845084706575496,0.8497966980091433
House Finch,intercept,0.8406641161224683,0.10322281041094254
House Sparrow,intercept,1.2221100683710961,0.09305569284886138
House Wren,intercept,1.5569361445259369,0.12763464832575247
Hutton's Vireo,intercept,0.6014133206238483,0.6151888911536889
Iceland Gull,intercept,1.0650794160342114,0.8435974883462927
Imperial Parrot,intercept,1.1972930051969912,0.5666425765976475
Inca Dove,intercept,0.3073687991382408,0.41924492547401937
Indigo-winged Parrot,intercept,0.23314092086885807,0.5886978142245679
Indigo Bunting,intercept,1.8965507983945993,0.12050609447610593
Indigo Macaw,intercept,-0.5111530096226381,0.3840259069124982
Jamaican Blackbird,intercept,1.352714695645937,0.6187254738653017
Java Sparrow,intercept,0.6285985158359046,0.7961449150360395
Javan Cochoa,intercept,0.22364454054024208,0.7975986841784741
Javan Flameback,intercept,0.8789289614587986,0.871905378576208
Javan Green-Magpie,intercept,0.763258734657066,0.7824277845057934
Javan Hawk-Eagle,intercept,0.2311497318475707,0.7210676946524427
Javan Plover,intercept,-0.3080439633385058,0.5752381190940541
Jerdon's Babbler,intercept,0.8798186785965405,0.8603572114863606
Jerdon's Courser,intercept,0.7037205568110959,0.790674914983007
Jocotoco Antpitta,intercept,1.287572871725976,0.5458318605912883
Juniper Titmouse,intercept,1.3531404708431465,0.5298714807326376
Kentucky Warbler,intercept,1.4147897603923067,0.3627571989474596
Knysna Warbler,intercept,1.1719043735327341,0.8109295312726014
Knysna Woodpecker,intercept,0.5853008157952767,0.8047312480157259
La Selle Thrush,intercept,1.182445005596624,0.6957280415594149
Ladder-backed Woodpecker,intercept,-0.05541648120405385,0.33814174899122135
Lapland Longspur,intercept,0.8610635205223437,0.21777922160419802
Lark Bunting,intercept,1.3329976495356872,0.2324869851978279
Lark Sparrow,intercept,1.2285285495575413,0.20249178828053663
Laurel Pigeon,intercept,1.2925791898755759,0.5718496611462567
Lawrence's Goldfinch,intercept,1.210653851798452,0.7749207549389635
Laysan Finch,intercept,1.987091891310309,0.4093070969730106
Lazuli Bunting,intercept,1.5501490505701248,0.2657453917351914
Least Flycatcher,intercept,2.0073065712888005,0.22049818932057313
LeConte's Sparrow,intercept,1.1867649625346717,0.4593529480333678
LeConte's Thrasher,intercept,0.8660523983248594,0.5712502624820689
Lesser Goldfinch,intercept,0.5253714521811266,0.19879624179298117
Lesser Nighthawk,intercept,1.4700310927929212,0.7580461359262621
Lewis's Woodpecker,intercept,-0.3144554812697379,0.39702277815762926
Lincoln's Sparrow,intercept,1.8522634671177536,0.2990784500814013
Little Grebe,intercept,-0.21557612977877494,0.49646922002855226
Loggerhead Shrike,intercept,1.5556784296011252,0.28134425857889567
Long-billed Tailorbird,intercept,0.963947723144809,0.7428512256661993
Long-billed Thrasher,intercept,0.6638581115095391,0.7251205073477708
Long-eared Owl,intercept,-0.31287054504854617,0.6077927293812118
Louisiana Waterthrush,intercept,1.1390688983462085,0.36611803529622167
Lucy's Warbler,intercept,0.4200609212607865,0.41368846718572866
MacGillivray's Warbler,intercept,1.7656594542612472,0.3973796764864598
Madagascar Jacana,intercept,0.42335839387078017,0.7715841733490775
Madagascar Pochard,intercept,-0.4024903724950707,0.44902659030413467
Madagascar Serpent-Eagle,intercept,0.6213930040837927,0.7868780330663638
Magnolia Warbler,intercept,1.7563669613432036,0.3246743335243874
Malayan Peacock-Pheasant,intercept,0.8382405971769681,0.8526764989053591
Malherbe's Parakeet,intercept,1.0074100884183745,0.8312476085407445
Mallee Emuwren,intercept,0.8064832474316829,0.8814809841454891
Mangrove Cuckoo,intercept,0.8949665238413383,0.8442116935886422
Mangrove Hummingbird,intercept,1.4961325968917492,0.7920967032137
Manipur Bush-Quail,intercept,0.5568677646994752,0.7894269490844767
Manx Shearwater,intercept,0.5795130778663768,0.4287799780393465
Mariana Crow,intercept,0.8146398994229459,0.4876575210487553
Mariana Swiftlet,intercept,1.4426270079120296,0.49917664415523677
Marsh Tapaculo,intercept,0.7246907415001889,0.7668977115376617
Marsh Wren,intercept,1.2063308980713012,0.2166534179318679
Marvelous Spatuletail,intercept,0.8580303197838262,0.7269480484394049
Mascarene Petrel,intercept,0.8378806293574169,0.7886926515024973
Maui Parrotbill,intercept,1.7115089225079338,0.6235763872761497
Mauritius Kestrel,intercept,1.262182260738641,0.7630144501905531
McCown's Longspur,intercept,0.8447717236639336,0.6062854799086804
Meadow Pipit,intercept,1.719092594937536,0.5195882430300948
Merlin,intercept,0.34867095070825704,0.3644954459708547
Mew Gull,intercept,0.2831635698153324,0.4587752332831277
Mexican Jay,intercept,0.3574655880056665,0.45988050420038
Mexican Sheartail,intercept,1.2931546804645877,0.6102539189802715
Mexican Whip-poor-will,intercept,0.7159693331219513,0.7989752385248032
Micronesian Scrubfowl,intercept,1.375215387749205,0.754038385472666
Mississippi Kite,intercept,-0.2003541458984951,0.19490043379144018
Moluccan Goshawk,intercept,1.0077394476369794,0.822081720172545
Monk Parakeet,intercept,-0.14669122312450533,0.5900199072388338
Mountain Bluebird,intercept,1.2671866221789403,0.2484373951057215
Mountain Chickadee,intercept,0.9064647851943225,0.2243304339778585
Mountain Grackle,intercept,0.732307419915951,0.5465033360494367
Mountain Quail,intercept,1.129347293398155,0.6092547331854338
Mourning Dove,intercept,1.21592306281124,0.09237889061594484
Mourning Warbler,intercept,2.2868482724818047,0.4437377013225529
Moustached Antpitta,intercept,1.0395124696365328,0.8570022363329457
Mute Swan,intercept,-0.37225397859867393,0.3142440087091262
Nashville Warbler,intercept,1.7345358491535263,0.265952507891534
Nelson's Sparrow,intercept,0.4457128036453177,0.3745955354234845
New Britain Bronzewing,intercept,0.5063090491310607,0.7893790236324912
New Britain Kingfisher,intercept,0.3546620234685761,0.6403175302613714
New Caledonia Goshawk,intercept,0.758319015417602,0.6755886043498893
New Zealand Grebe,intercept,-0.6215662524836686,0.5254470709900548
Nicobar Jungle-Flycatcher,intercept,-0.046511503008482946,0.7968588403388029
Nicobar Scrubfowl,intercept,1.082272055580129,0.7589187254587555
Night Parrot,intercept,0.7894078965626488,0.7858097897098943
Nilgiri Pipit,intercept,1.1248522823099014,0.8209207372944612
Nilgiri Wood-Pigeon,intercept,0.8851817324348751,0.8496782288576247
Northern Bald Ibis,intercept,0.2956424270685478,0.7964177496624728
Northern Cardinal,intercept,1.3658599506890101,0.10091009776209296
Northern Flicker,intercept,0.7273566395461052,0.15825402006325875
Northern Goshawk,intercept,-0.3993141763880593,0.5894741866466836
Northern Harrier,intercept,0.6461431658466811,0.2685378885522054
Northern Lapwing,intercept,0.2543105895847211,0.3151151972216386
Northern Mockingbird,intercept,1.4180856219008997,0.1218934133886931
Northern Parula,intercept,2.1783451753642127,0.20357176204798644
Northern Pygmy-Owl,intercept,0.7204631221501031,0.7049181455633684
Northern Rough-winged Swallow,intercept,1.0808108782492931,0.13274717595994326
Northern Screamer,intercept,-0.0827267153071709,0.5726489648259631
Northern Shoveler,intercept,-0.7053310823828308,0.6295212158417798
Northern Waterthrush,intercept,1.8409477666939738,0.34022066235000037
Northern Wheatear,intercept,0.026734351914662557,0.3974054331545405
Northwestern Crow,intercept,0.009207240128968341,0.34114413745263833
Nuttall's Woodpecker,intercept,1.3363211763349998,0.6752174727423605
Oak Titmouse,intercept,1.3440546502430881,0.6524696213784127
Ochraceous Attila,intercept,1.2419503468088127,0.7261382976503932
Ochre-fronted Antpitta,intercept,0.9871234692268085,0.7400150862247855
Okarito Brown Kiwi,intercept,1.1234247068635286,0.5955020734098116
Okinawa Woodpecker,intercept,0.604036361729243,0.5588543557506893
Olive-sided Flycatcher,intercept,0.4612442360866044,0.4956974760847272
Olive Sparrow,intercept,1.1598865193974834,0.6551438426704868
Olive Warbler,intercept,0.8236818090150746,0.7539955416738596
Orange-crowned Warbler,intercept,2.113984393399622,0.3474221285697737
Orange-necked Partridge,intercept,0.19347497579428308,0.7987413728885884
Orchard Oriole,intercept,1.9259694996231613,0.21756817341520454
Osprey,intercept,-0.37119185677106514,0.16279400232761815
Ovenbird,intercept,1.789994968803363,0.18279081122250906
Pacific-slope Flycatcher,intercept,2.233411217088735,0.44408819811438893
Pacific Wren,intercept,1.4306244265333194,0.41712819944612833
Painted Bunting,intercept,1.7317151209545865,0.3262588638753489
Painted Redstart,intercept,0.20204511896420263,0.49394567359619196
Palau Ground-Dove,intercept,0.8027718797345966,0.8811398297106385
Palau Nightjar,intercept,0.6259584068072104,0.8954557836976723
Palawan Hornbill,intercept,0.6451807595185881,0.5591818284516946
Palila,intercept,1.5504607982442242,0.4882660207894333
Palm Lorikeet,intercept,0.7928339221317402,0.7662174939246673
Palm Warbler,intercept,1.2911112822716966,0.5312651338433412
Paramillo Tapaculo,intercept,1.0675619081818035,0.6990959264690457
Pernambuco Foliage-gleaner,intercept,0.8203106484418597,0.8460365863246919
Peruvian Plantcutter,intercept,0.8439123050340942,0.4687466104000322
Phainopepla,intercept,0.22016370598423685,0.46571386175975193
Philadelphia Vireo,intercept,1.4013260133096297,0.491655328863769
Philippine Cockatoo,intercept,0.5837038205242829,0.7952054945715485
Philippine Eagle,intercept,0.8203806093061203,0.7845470766300057
Pied Goshawk,intercept,0.5984736738500257,0.7282717639176615
Pileated Woodpecker,intercept,1.007928650873874,0.27730972115826974
Pine Grosbeak,intercept,1.1675464599322543,0.419535721104226
Pine Siskin,intercept,1.2372228151400235,0.1637552598020999
Pine Warbler,intercept,2.0556678438207117,0.22937619019621092
Pink-billed Parrotfinch,intercept,0.9788248679514344,0.8803336572502745
Pink-legged Graveteiro,intercept,1.193548759860633,0.6252153470319647
Pinto's Spinetail,intercept,1.1754464736198909,0.7443078264320658
Pinyon Jay,intercept,0.5164270259822598,0.3094798524743427
Plain-pouched Hornbill,intercept,-0.49735543126754067,0.41099989509579826
Plain Pigeon,intercept,0.6148091095915196,0.7758073810968817
Plains-wanderer,intercept,0.517841118097855,0.8104175387418074
Plumbeous Antvireo,intercept,0.8981896403395403,0.8043660900347589
Plumbeous Vireo,intercept,1.8505204010387237,0.44295331296325746
Prairie Falcon,intercept,0.5735044877809128,0.7231494283431182
Prairie Warbler,intercept,1.9515539039704795,0.34782025089041274
Prothonotary Warbler,intercept,1.2841143019881038,0.28578787675305106
Puaiohi,intercept,-0.1418025340710508,0.786478943102487
Puerto Rican Nightjar,intercept,1.2384393516620469,0.5245787457741338
Puerto Rican Parrot,intercept,0.3884256527105059,0.7914199058558987
Purple-naped Lory,intercept,0.3308358556665689,0.7981454586166485
Purple Finch,intercept,1.2649576588890277,0.22343386674363439
Purple Martin,intercept,0.34677347785522084,0.11449916516636141
Purple Quail-Dove,intercept,0.8846557851895899,0.8440594742130667
Pygmy Nuthatch,intercept,0.5909812659423812,0.31248824594961133
Pyrrhuloxia,intercept,1.1328426607788553,0.6737134078285204
Razorbill,intercept,0.2500826415269384,0.4001317093402032
Recurve-billed Bushbird,intercept,0.8615480540501403,0.7320166274842209
Red-bellied Woodpecker,intercept,1.5553181863023786,0.1412956866345469
Red-billed Curassow,intercept,0.42090434742810573,0.8019756241158486
Red-breasted Merganser,intercept,0.12382348251943709,0.6734120100643415
Red-breasted Nuthatch,intercept,1.4628416789184027,0.18217298414473684
Red-breasted Sapsucker,intercept,0.852743312228688,0.3805873337503535
Red-browed Parrot,intercept,1.4005441173371413,0.7840513754869547
Red-crowned Parrot,intercept,0.03693916427413324,0.39624774308908817
Red-eyed Vireo,intercept,1.8267410074762715,0.11727780219040525
Red-faced Warbler,intercept,0.8561565674470791,0.6593417724173903
Red-fronted Macaw,intercept,0.5783369456083202,0.7950936044261105
Red-headed Flameback,intercept,0.7676574263480307,0.7542970872854263
Red-headed Woodpecker,intercept,1.042445981877304,0.22084324970490335
Red-naped Sapsucker,intercept,1.3490154530971727,0.4274356979363526
Red-necked Grebe,intercept,1.1626495479177659,0.8531380038541843
Red-necked Parrot,intercept,0.8492193569045163,0.3846765737255505
Red-shouldered Hawk,intercept,1.356756659873929,0.24921150347013174
Red-shouldered Vanga,intercept,-0.15106525396498427,0.5649499677624401
Red-tailed Hawk,intercept,0.7734099830152678,0.2260560215782955
Red-throated Lorikeet,intercept,0.8776950910784153,0.7858388344518634
Red-winged Blackbird,intercept,0.8302782924778226,0.1005630962824534
Red Crossbill,intercept,1.132306571755814,0.25970172228925553
Red Knot,intercept,0.31565974683732734,0.39435030639115715
Red Siskin,intercept,0.15197422696092833,0.801915184060728
Ring-billed Gull,intercept,1.2438941675782387,0.7904037822586472
Ring-necked Duck,intercept,1.324369361343547,0.8269929585986393
Ring-necked Pheasant,intercept,1.7073113603391408,0.19857274653654702
Rock Pigeon,intercept,0.5698301369370918,0.09941944324787898
Rock Ptarmigan,intercept,0.27144637037509134,0.3449212026867252
Rock Wren,intercept,2.439368801962369,0.43858947130095266
Rondonia Bushbird,intercept,0.38156334538046044,0.7994806178367254
Rook,intercept,0.9689101298794909,0.40698443835607445
Rose-breasted Grosbeak,intercept,1.139914720696571,0.21650606737355305
Roseate Tern,intercept,0.9979532314189699,0.8536651745848655
Rough-legged Hawk,intercept,0.25861826413020117,0.591134762224119
Ruby-crowned Kinglet,intercept,2.0096250417177224,0.22566064621578025
Ruby-throated Hummingbird,intercept,1.7435636655030047,0.17011537703784096
Rudd's Lark,intercept,0.901555292670595,0.8204103755406248
Ruddy Turnstone,intercept,0.1965575131136168,0.5024767101351121
Ruff,intercept,-0.5171036853652594,0.7134372538508695
Rufous-breasted Warbling-Finch,intercept,0.5965814374482901,0.7902521676724192
Rufous-brown Solitaire,intercept,0.580399941793696,0.8241519148961961
Rufous-crowned Sparrow,intercept,0.47067555912575615,0.5555714673119325
Rufous-fronted Laughingthrush,intercept,0.5599755190346647,0.7854695600236111
Rufous-necked Sparrowhawk,intercept,0.885984368482052,0.8500279363834746
Rufous-throated Dipper,intercept,0.7730558188916941,0.8307072487115821
Rufous-winged Sparrow,intercept,0.7052026387711997,0.6688737518213037
Rufous Hummingbird,intercept,0.9744660163742805,0.3471984064956816
Rusty-throated Wren-Babbler,intercept,1.5467207143520478,0.76807702954132
Rusty Blackbird,intercept,0.7632498940745672,0.30235878413059003
Saffron Siskin,intercept,0.638741839660835,0.6474193937812683
Sage Thrasher,intercept,2.8511536874043646,0.48595220560288827
Sagebrush Sparrow,intercept,0.6289269470813982,0.5550604504891462
Saipan Reed Warbler,intercept,1.9953255299815034,0.6532920171013366
Sakalava Rail,intercept,-0.543531892639468,0.5454841172783953
Samoan Flycatcher,intercept,1.0372405587294005,0.5692359593754026
Samoan White-eye,intercept,1.2953393825529778,0.6291442927539763
San Andres Vireo,intercept,2.045156111549192,0.41628992600764897
Sanderling,intercept,-0.015173652516708658,0.5661564959066245
Sandwich Tern,intercept,-0.23832322223511315,0.445600685024997
Sanford's Sea-Eagle,intercept,0.09697864596312811,0.7213272164209232
Santa Marta Bush-Tyrant,intercept,1.3651251089295513,0.6606242069411682
Sapphire-bellied Hummingbird,intercept,0.47266649801748195,0.7176314507183584
Savannah Sparrow,intercept,2.0403853777782377,0.1650810490105125
Say's Phoebe,intercept,1.1022726346314116,0.2739144487555884
Scaled Quail,intercept,1.1717754041845885,0.4754951996923566
Scarlet Tanager,intercept,1.3147805077112868,0.214988860154063
Scimitar-winged Piha,intercept,0.8451610634185578,0.8376847331903564
Scissor-tailed Flycatcher,intercept,1.3936674734993537,0.2668852353948498
Scott's Oriole,intercept,1.6567301791579323,0.5058903618938764
Seaside Sparrow,intercept,-0.06619800846027046,0.38141066717871897
Sedge Wren,intercept,1.7455637664407093,0.342055321848614
Selva Cacique,intercept,0.4140492754559227,0.7983861075498986
Seychelles Parrot,intercept,1.0171556819165835,0.41392327710687904
Seychelles Swiftlet,intercept,1.5603003045558126,0.5402879922277739
Sharp-shinned Hawk,intercept,-0.5198103583618893,0.3899718716957795
Sharp-tailed Grouse,intercept,1.17668809513675,0.5534618069609943
Shelley's Crimsonwing,intercept,0.8301995662462777,0.8523447360135471
Shore Plover,intercept,1.8378500068646102,0.5007020318628845
Short-eared Owl,intercept,0.6317350074904475,0.4238812447827912
Shy Ground-Dove,intercept,1.033840750408691,0.8288775132737689
Sierra Madre Sparrow,intercept,1.6544478641596543,0.412833188865388
Slaty Becard,intercept,0.8302242482897836,0.844617154418022
Slaty Cuckoo-Dove,intercept,0.7907419117897492,0.7596568407688369
Slaty Egret,intercept,0.479629612435309,0.7968095755462697
Slender-billed Flufftail,intercept,0.5888635722780674,0.8026186007584902
Snoring Rail,intercept,0.47942157568051397,0.7955133284238857
Snow Bunting,intercept,0.8136308033350206,0.32709431863509286
Sokoke Pipit,intercept,1.238344486531441,0.7273069056910124
Solomons Frogmouth,intercept,0.8008997703895884,0.7471713479314446
Solomons Nightjar,intercept,0.8530694244042593,0.8413944820144049
Song Sparrow,intercept,1.578139449940597,0.09947804672817138
Southern Silvery-Kingfisher,intercept,0.5615164590372428,0.7633229421306675
Spot-throated Flameback,intercept,0.6947369011141469,0.5727244432658224
Spotted Ground-Thrush,intercept,0.01005115406251067,0.6133954517509644
Spotted Towhee,intercept,1.8215579215843158,0.2217473425767694
Sprague's Pipit,intercept,1.2734805653704715,0.6466831951054987
Sri Lanka Whistling-Thrush,intercept,0.9766545128444837,0.7241639551375844
St. Lucia Black Finch,intercept,0.9519851868255631,0.49499234778616275
St. Lucia Oriole,intercept,1.4167558474378568,0.6269826009482239
St. Lucia Parrot,intercept,0.3879697143005142,0.38646265170788413
Steller's Jay,intercept,0.46280912086924264,0.28257188172030795
Striated Caracara,intercept,-0.10590944541431135,0.5177192513144001
Sumatran Cochoa,intercept,0.44955582515131226,0.791638746650716
Summer Tanager,intercept,1.7978615593802332,0.22971859899868952
Sun Parakeet,intercept,0.6252834377643606,0.7836245008173822
Sunda Coucal,intercept,0.3630111255736346,0.8011221340330119
Swainson's Hawk,intercept,0.738254536641298,0.2904781473258285
Swainson's Thrush,intercept,2.231092478239899,0.2266686101146514
Swainson's Warbler,intercept,-0.0074083598179470744,0.5568214578815271
Swamp Prinia,intercept,0.8419291351286617,0.8371964418699399
Swamp Sparrow,intercept,1.6843424911485827,0.247430755241267
Talaud Bush-hen,intercept,1.6711214666440877,0.779287933143649
Talaud Rail,intercept,0.9431797005941611,0.8919808914959783
Tanimbar Scrubfowl,intercept,0.9857135414880555,0.6306215557206903
Tennessee Warbler,intercept,2.2782840682845005,0.2900857494520255
Timor Green-Pigeon,intercept,0.8154969279214295,0.8443038441214692
Tolima Dove,intercept,0.677949275722303,0.5865114817384236
Tooth-billed Pigeon,intercept,0.4279355471034223,0.7955949231573062
Townsend's Solitaire,intercept,0.44343028138514423,0.4060164464542652
Townsend's Warbler,intercept,1.9368805174842625,0.5141049928576346
Tree Swallow,intercept,0.3144262320374923,0.0927485682807713
Trinidad Piping-Guan,intercept,0.843562830028429,0.7005073424491087
Tucuman Mountain-Finch,intercept,1.141685821073819,0.6444098507616911
Tufted Duck,intercept,0.033252596983530336,0.3918277332160213
Tufted Titmouse,intercept,1.111504885730308,0.11820120265787533
Turkey Vulture,intercept,0.49742175200904876,0.11146462992078293
Turquoise Dacnis,intercept,1.0577543165937084,0.7607016794764169
Tuxtla Quail-Dove,intercept,1.5637519383259777,0.7976225568498426
Usambara Hyliota,intercept,1.1512918495171984,0.887798748318623
Usambara Weaver,intercept,0.8910871856039114,0.842801167044075
Van Dam's Vanga,intercept,0.9095405808470709,0.6243666060027979
Varied Bunting,intercept,0.4388251735747506,0.6618691503383016
Varied Thrush,intercept,2.2968152468305787,0.38402877278465036
Vaux's Swift,intercept,0.5118000768035444,0.31704295937523763
Veery,intercept,1.4426075471136115,0.18640678191231866
Venezuelan Sylph,intercept,1.1006319828657685,0.6954909334331455
Venezuelan Wood-Quail,intercept,1.074197307202344,0.8289212590813577
Verdin,intercept,-0.014106663685519827,0.2909820726739044
Vermilion Flycatcher,intercept,0.5282346248518676,0.38337966977465815
Vesper Sparrow,intercept,2.3221345547732994,0.23282493814190813
Vinous-breasted Sparrowhawk,intercept,0.82787890799391906,0.8510006893755134
Violet-green Swallow,intercept,0.44100542450087626,0.16070399409568098
Violet-throated Metaltail,intercept,0.5288097071255362,0.5354152190741129
Virginia's Warbler,intercept,2.171311885110043,0.5375081869521592
Warbling Vireo,intercept,1.8056736921461114,0.16297854796907127
Wattled Curassow,intercept,0.6003399668461888,0.7868439067764255
Western Bluebird,intercept,1.2698470387190677,0.2937317676406513
Western Kingbird,intercept,1.5258587640039694,0.15971171391448888
Western Meadowlark,intercept,1.9818121552941115,0.1547641472586373
Western Screech-Owl,intercept,1.5166522561524034,0.5743438890244812
Western Tanager,intercept,1.3828295258317544,0.22153578190424286
Western Wood-Pewee,intercept,0.9283856415836016,0.20204740664854492
Wetar Ground-Dove,intercept,0.39616926055799295,0.793477270732834
White-bearded Antshrike,intercept,0.9519414588163484,0.852857442693729
White-bellied Heron,intercept,0.8638645336870512,0.8656234666974755
White-breasted Nuthatch,intercept,1.1963229688360846,0.15795247399958726
White-breasted Thrasher,intercept,1.5506750536204357,0.4226403988064009
White-chested White-eye,intercept,0.0019192724803533956,0.7969829140855463
White-crowned Sparrow,intercept,1.1317236228554026,0.20062491012991973
White-eyed Vireo,intercept,2.1180163201790823,0.19626130758124996
White-fronted Quail-Dove,intercept,0.9393217416671947,0.846611707765507
White-headed Woodpecker,intercept,-0.0794185255482085,0.5455354802368204
White-necked Crow,intercept,0.7906220450960644,0.6109030878974238
White-necked Hawk,intercept,0.8086752545560474,0.8372437940465524
White-necked Parakeet,intercept,0.552820609908941,0.5125797222453304
White-tailed Kite,intercept,0.222139463577816,0.5849897154047022
White-throated Barbtail,intercept,1.4131312141703412,0.7397948996411204
White-throated Dipper,intercept,0.9173894023532976,0.8482688800859627
White-throated Sparrow,intercept,1.9436860634725437,0.17440451439878646
White-throated Swift,intercept,0.4177457076074058,0.23649939747113186
White-winged Apalis,intercept,0.9091093337262786,0.8046839440840979
White-winged Crossbill,intercept,1.5882672179172297,0.245839549721349
White-winged Dove,intercept,0.13208578423850625,0.21313622632414625
White-winged Nightjar,intercept,0.845310818410172,0.6769529672861812
White-winged Warbler,intercept,1.128301718804961,0.7395080565486003
White Wagtail,intercept,1.1679384538450372,0.4996101882995483
Whooper Swan,intercept,-0.40587037735737785,0.44986952701531063
Whooping Crane,intercept,0.8941770898081872,0.837844848152302
Williamson's Sapsucker,intercept,1.3145985719361908,0.6445534481787902
Willow Flycatcher,intercept,1.691268016005103,0.24859763374124463
Willow Ptarmigan,intercept,0.6146309234664293,0.3043365144017623
Wilson's Warbler,intercept,2.01732857497234,0.30154413398434865
Winter Wren,intercept,2.173209321803836,0.3699787618449856
Wood Thrush,intercept,1.8803112592773412,0.1814517048050408
Woodhouse's Scrub-Jay,intercept,1.1674574101438926,0.31374504340110104
Worm-eating Warbler,intercept,1.6472949058533586,0.34959890691185075
Worthen's Sparrow,intercept,-0.14665150488487078,0.403369272559449
Wrentit,intercept,1.4792682458768485,0.602835775682187
Yellow-bellied Flycatcher,intercept,1.728646623185902,0.5243923188584305
Yellow-bellied Sapsucker,intercept,2.103711475041991,0.2537443134340767
Yellow-billed Cotinga,intercept,0.9126456653607605,0.7792016945908977
Yellow-billed Cuckoo,intercept,1.6979695916671023,0.16673177571739878
Yellow-billed Magpie,intercept,0.9129945753431489,0.7443337531973316
Yellow-breasted Chat,intercept,2.122134498306258,0.19466111319715346
Yellow-breasted Pipit,intercept,0.7833308965848395,0.8328332587401753
Yellow-eyed Junco,intercept,0.9026141785743517,0.5059321864933773
Yellow-faced Flameback,intercept,0.6070599959211255,0.7870697273440738
Yellow-headed Blackbird,intercept,0.44629745776650614,0.1443931097674045
Yellow-headed Brushfinch,intercept,0.20205268664882803,0.7062684232635376
Yellow-rumped Antwren,intercept,0.9603147471800209,0.8466797646910532
Yellow-rumped Warbler,intercept,1.7166025410497343,0.15239315822618102
Yellow-shouldered Blackbird,intercept,0.8503376306512574,0.4547265782306982
Yellow-shouldered Parrot,intercept,0.46332973201262245,0.4311663677024362
Yellow-throated Vireo,intercept,2.0005794321979775,0.3181694526063213
Yellow-throated Warbler,intercept,1.8623211994258402,0.4846274084398124
Yellow Warbler,intercept,1.3112900484575545,0.1133973909915894
Yellowhead,intercept,0.851300038778829,0.7953662634453216
Zapata Rail,intercept,0.4017815163606198,0.7980079326807942
Zapata Sparrow,intercept,0.711102255463111,0.605641758955249
Zapata Wren,intercept,0.996246561005423,0.6748100099231769
Zone-tailed Hawk,intercept,0.22626662291044497,0.8170796162313799
Abert's Towhee,slope,1.1933393362241056,0.3245295915997928
Acadian Flycatcher,slope,1.5008625962446995,0.20641536929291304
Acorn Woodpecker,slope,0.7079343307473457,0.4773471931399247
Akikiki,slope,0.7093451701114538,0.5645888770102341
Alagoas Tyrannulet,slope,0.5942026026980847,0.5413959626647462
Alder Flycatcher,slope,1.9577782384405142,0.1882748220912918
Allen's Hummingbird,slope,0.696724274958617,0.31337581428279954
Allpahuayo Antbird,slope,0.927615216602053,0.5335347380293092
Amani Sunbird,slope,1.1671138914978962,0.5098031523467612
American Crow,slope,1.346531788149203,0.17641118018019525
American Dipper,slope,0.8439120379741194,0.25196085571022875
American Goldfinch,slope,1.458774145478222,0.12120948094011845
American Kestrel,slope,1.15068346279465,0.1793189873762208
American Pipit,slope,1.3039113282093888,0.2550536215362454
American Redstart,slope,1.4060894500192567,0.16504058844862166
American Robin,slope,1.243634877972065,0.15512499122783754
American Three-toed Woodpecker,slope,0.9015222779253864,0.21437567762882284
American Tree Sparrow,slope,0.8161055595152135,0.3861177817613755
Andaman Bulbul,slope,1.0468788562307731,0.47427970764391164
Andaman Cuckooshrike,slope,0.9588237780308172,0.5493518397202786
Andaman Serpent-Eagle,slope,0.9496615032848559,0.5471040030587151
Andaman Teal,slope,0.33119943656614426,0.3550272394988282
Andaman Treepie,slope,0.5082007977983636,0.4336868613150851
Andaman Wood-Pigeon,slope,1.0134441953425988,0.5263684415996228
Andaman Woodpecker,slope,0.8524000663033414,0.4909548578028827
Anna's Hummingbird,slope,1.058795128983062,0.34766540916497984
Antioquia Brushfinch,slope,0.8952166423875593,0.5412241059202275
Apolinar's Wren,slope,0.9147327585432694,0.5078665507551025
Araripe Manakin,slope,1.0813544561357928,0.34876565553159117
Arctic Warbler,slope,0.9471889630848221,0.5583362397714531
Arizona Woodpecker,slope,0.906142762294138,0.550311908092717
Ash-throated Flycatcher,slope,1.336401144186501,0.23062469942077304
Audubon's Oriole,slope,0.7521102483728669,0.497535255818723
Azores Bullfinch,slope,1.2344946985268503,0.45219621062192566
Azure-rumped Tanager,slope,1.0307338231026015,0.5253013410589898
Bachman's Sparrow,slope,1.0203772414866856,0.37251731516252246
Bahama Oriole,slope,0.3158372593061559,0.4452406689134367
Bahama Swallow,slope,0.775339791730905,0.4927370216517708
Bahia Antwren,slope,0.9377642201627836,0.4722727217374257
Bahia Tapaculo,slope,0.972697937594711,0.5479333386824882
Baird's Sparrow,slope,1.0685142932555975,0.33818181725513097
Baird's Trogon,slope,0.9579090952209774,0.5502010347726367
Baltimore Oriole,slope,1.573296794878149,0.1567293433177952
Band-tailed Antwren,slope,1.0553224044756182,0.5234747874565983
Band-tailed Pigeon,slope,1.4622583123927044,0.219962758440368
Banded Cotinga,slope,0.9630534494722189,0.542478009837709
Banded Sunbird,slope,0.9796920887072795,0.5373540587700171
Bank Swallow,slope,0.7076218744799526,0.14766699941978137
Bar-tailed Godwit,slope,0.583983436954975,0.43699196406022917
Barbuda Warbler,slope,1.0313179987124699,0.3810842832237949
Barn Owl,slope,0.6151777064832009,0.2021321802626771
Barn Swallow,slope,1.4284434967971178,0.1447965047515213
Barred Owl,slope,1.165704425496593,0.19502447848542107
Bates's Weaver,slope,0.6850557211182274,0.31906324333188607
Baudo Oropendola,slope,0.8565447979182619,0.5295693700784379
Bay-breasted Cuckoo,slope,1.064360825431841,0.5192128966739531
Bay-breasted Warbler,slope,1.2916620299487036,0.3153744723333525
Bay-vented Cotinga,slope,0.9514395826472105,0.5378221288023223
Beck's Petrel,slope,0.9866484396250705,0.31920623347757476
Belding's Yellowthroat,slope,0.722028380339196,0.4307293624665279
Bell's Sparrow,slope,0.9523504714380924,0.5160023073854956
Bell's Vireo,slope,1.4751131603976047,0.21623718841265968
Belted Kingfisher,slope,1.378257873641478,0.24874250984536936
Bendire's Thrasher,slope,0.556287886632292,0.23039050553950757
Bengal Florican,slope,0.7236159551628232,0.544773792046127
Bernier's Teal,slope,0.7896043277805083,0.40098716839861887
Bewick's Wren,slope,1.0222011737510543,0.1539585130446827
Bicolored Antpitta,slope,0.9645187256842049,0.5467511565733666
Bicolored Antvireo,slope,0.6271443080709145,0.4559488920209283
Black-and-white Warbler,slope,1.2390543763262196,0.20405119788557527
Black-backed Woodpecker,slope,1.0585556346988696,0.3053226916980998
Black-billed Cuckoo,slope,1.0238510248570765,0.18573975763385656
Black-billed Magpie,slope,1.3051557578366995,0.16563354557187565
Black-breasted Parrotbill,slope,0.9529828605656783,0.5385882796885301
Black-breasted Puffleg,slope,-0.055446829040490364,0.2992814305406277
Black-capped Chickadee,slope,1.3979938695339609,0.17561956130264267
Black-capped Vireo,slope,0.9494504285412109,0.5358785840029564
Black-chinned Hummingbird,slope,1.1158169435727787,0.26138583163280993
Black-chinned Sparrow,slope,0.6625272318366584,0.42612044382084024
Black-crested Titmouse,slope,1.0236383856191875,0.3265615586701778
Black-eared Miner,slope,0.20402966461348337,0.3114745113600852
Black-headed Berryeater,slope,0.7888388628896087,0.45261000976836174
Black-headed Grosbeak,slope,1.2635908969489769,0.26987494480784735
Black-headed Gull,slope,0.4971446928270457,0.2870754866885959
Black-hooded Antwren,slope,-0.2603898613466733,0.2921500691145861
Black-legged Kittiwake,slope,0.7141662010882435,0.3154195582512788
Black-mantled Goshawk,slope,0.921011035765026,0.4575904518689966
Black-spectacled Brushfinch,slope,0.9299515869848304,0.5047424758047209
Black-tailed Gnatcatcher,slope,0.42060729408491804,0.394639687910694
Black-tailed Godwit,slope,0.4061020506280789,0.3641846316913094
Black-throated Blue Warbler,slope,1.182473393199916,0.25687335472215733
Black-throated Gray Warbler,slope,1.2173549359955202,0.3210054579400034
Black-throated Green Warbler,slope,1.213369166866205,0.20520199279668686
Black-throated Shrikebill,slope,0.9312556821765019,0.5424594831150304
Black-throated Sparrow,slope,1.1586054692954038,0.2336878037218901
Black-whiskered Vireo,slope,0.6292414854607578,0.4933134349914186
Black-winged Starling,slope,0.06666639134816155,0.30410460324523625
Black Phoebe,slope,1.2715362575406053,0.3267000771773396
Black Stilt,slope,0.46138146171105054,0.49784572512699277
Black Swift,slope,1.1886023891134192,0.3509167558839434
Black Tinamou,slope,0.7411597914822293,0.4685047146429103
Black Vulture,slope,1.1533335052568017,0.15499852661607416
Blackburnian Warbler,slope,1.593559523762071,0.31162807632308787
Blackpoll Warbler,slope,1.3484323617607044,0.3604579765334782
Blue-and-gold Tanager,slope,0.7529512975983766,0.520814903999402
Blue-banded Kingfisher,slope,1.2967223423673093,0.4170960418638202
Blue-billed Curassow,slope,0.9455695540794786,0.5175829718019401
Blue-capped Hummingbird,slope,0.6203519862380892,0.4215900612417352
Blue-capped Kingfisher,slope,0.9594716924824047,0.5476725676345098
Blue-eyed Ground-Dove,slope,0.35204798062789744,0.31371461960429675
Blue-fronted Lorikeet,slope,0.6296358734272001,0.31955459907946077
Blue-gray Gnatcatcher,slope,1.658264373987576,0.16505473396785195
Blue-headed Quail-Dove,slope,0.8445323411376496,0.5439565561002379
Blue-headed Racquet-tail,slope,0.88210248844759,0.5090923624741587
Blue-headed Vireo,slope,0.9452745241359638,0.22608747082398442
Blue-throated Macaw,slope,0.7907883637175568,0.3202316448771853
Blue-winged Warbler,slope,1.2733342358689381,0.1910330770018323
Blue Grosbeak,slope,1.354842142933154,0.19740364464812984
Blue Jay,slope,1.75133241031102,0.19309358816691072
Bluethroat,slope,0.9797250758266954,0.5466351861581085
Boat-tailed Grackle,slope,0.8271998220012675,0.2836090514493089
Bobolink,slope,1.3547560903665918,0.15252608534562295
Bogota Rail,slope,1.1116828129061382,0.5052198887052501
Bohemian Waxwing,slope,0.8682916923882317,0.3117794087623843
Boreal Chickadee,slope,1.3129121638440986,0.21566104920786036
Botha's Lark,slope,1.0412073197039335,0.506269038885234
Botteri's Sparrow,slope,0.9012492245714752,0.4009285243577635
Brant,slope,0.4457759913999191,0.32791384184965783
Brazilian Merganser,slope,1.0430212456290253,0.577831323954588
Brewer's Blackbird,slope,1.2349106294844092,0.14779546103602442
Brewer's Sparrow,slope,1.5881436624917016,0.23465819242788014
Bridled Titmouse,slope,0.8026693558109768,0.5452669987067386
Bristled Grassbird,slope,0.8815319259136426,0.46336763734921904
Broad-billed Hummingbird,slope,0.8602804214241698,0.45563112871032546
Broad-tailed Hummingbird,slope,0.9789061860397918,0.21817728094881716
Broad-winged Hawk,slope,1.2446272251225536,0.2182969179462436
Bronzed Cowbird,slope,1.3434501779669008,0.3359572769370028
Brown-banded Antpitta,slope,0.9479961847224067,0.5482792408574442
Brown-crested Flycatcher,slope,1.5758191892501425,0.33268014143356084
Brown-headed Cowbird,slope,1.2397820264023962,0.15037501197739253
Brown-headed Nuthatch,slope,1.175220970788021,0.35167291654284494
Brown Creeper,slope,0.9825525513866515,0.18048446844109287
Brown Thrasher,slope,1.1619586942857163,0.14612217889580173
Buff-bellied Hummingbird,slope,0.7636514201450642,0.5018945333729767
Buff-breasted Tody-Tyrant,slope,0.7090436478962138,0.5156980320561145
Bugun Liocichla,slope,1.436874961431926,0.5183243098512595
Bullock's Oriole,slope,1.437115856633327,0.22433196260746502
Burrowing Owl,slope,0.81676731158162,0.2856433933773007
Bushtit,slope,0.7377616960373949,0.28865669997093596
Cactus Wren,slope,0.236765442777642,0.4689160921827645
California Quail,slope,0.8767149051254973,0.3783779727988474
California Scrub-Jay,slope,1.041640725875355,0.42014948416698245
California Thrasher,slope,0.9483314953617933,0.5455939807320245
California Towhee,slope,1.200217315421362,0.3408469599181132
Calliope Hummingbird,slope,0.9094905380397085,0.36090360807486155
Canada Jay,slope,1.2775586352166641,0.17223855483456696
Canada Warbler,slope,0.7092844544244565,0.35571064185278406
Canyon Towhee,slope,1.1119284805826495,0.34959464479293184
Canyon Wren,slope,0.7957675880338863,0.3173667364562586
Cape May Warbler,slope,0.783557878824439,0.2458458327906344
Cape Verde Swamp Warbler,slope,0.922754830776189,0.44558162989383515
Carolina Chickadee,slope,1.118827550414942,0.3227571228511824
Carolina Wren,slope,1.7059990145348736,0.14309401959099147
Caroline Islands Ground-Dove,slope,1.036429293569564,0.4972754799804474
Carunculated Caracara,slope,0.6158421296610515,0.4793787176099315
Cassin's Finch,slope,1.4992287051749722,0.30299146959670525
Cassin's Kingbird,slope,0.9620518869961882,0.26938896313986277
Cassin's Sparrow,slope,1.554796296836833,0.31623177831099236
Cassin's Vireo,slope,1.4880487834632627,0.29627550743519215
Cauca Guan,slope,1.013094356626058,0.385515274298488
Cave Swallow,slope,-0.3195738959748713,0.3511040879974184
Cedar Waxwing,slope,1.8260547220932803,0.18825676016773424
Cerulean Warbler,slope,0.723042375819231,0.2067523661879215
Chapin's Flycatcher,slope,0.3120347066086705,0.3130096639559304
Chatham Island Pigeon,slope,0.5819888282782855,0.3402892339926621
Chatham Islands Snipe,slope,1.7202530315106501,0.4173017858175803
Cheer Pheasant,slope,0.9905605149664655,0.4277494564448818
Chestnut-backed Chickadee,slope,0.7141457567115244,0.20240149451837863
Chestnut-bellied Flowerpiercer,slope,1.1140880020950428,0.5336001779371226
Chestnut-bellied Guan,slope,0.4490197033091796,0.4783352313613444
Chestnut-bellied Hummingbird,slope,0.9609540351650941,0.5492133054166275
Chestnut-bellied Imperial-Pigeon,slope,0.9404562520834562,0.538816969331859
Chestnut-collared Longspur,slope,1.151808865117092,0.3109524874729044
Chestnut-necklaced Partridge,slope,0.8772440762401698,0.4733454317055185
Chestnut-sided Warbler,slope,1.901510006597859,0.2283158299436022
Chihuahuan Raven,slope,0.5922971603132002,0.3513350166599849
Chimney Swift,slope,1.5199167442591288,0.21182305213770206
Chipping Sparrow,slope,1.0978494931325067,0.13151375222210882
Cholo Alethe,slope,0.011358869566839735,0.30470956568896523
Chuck-will's-widow,slope,0.8526714467372587,0.3493645724417024
Chukar,slope,0.9271667213725419,0.3122252475755305
Clark's Nutcracker,slope,0.5417788645662951,0.32241438828449
Clay-colored Sparrow,slope,1.555210955596594,0.1668860342998434
Cliff Swallow,slope,1.262498909422408,0.11922258060113824
Common Buzzard,slope,0.9444002353873848,0.5067862025134692
Common Eider,slope,0.46580488125593444,0.37457020840309263
Common Goldeneye,slope,0.6068513324602185,0.47917432340220656
Common Grackle,slope,1.5529323764631906,0.15280560241780647
Common Greenshank,slope,1.2538469192147417,0.5332740590719647
Common Ground-Dove,slope,0.9707601311779602,0.19559112585834876
Common House-Martin,slope,0.9593377558536527,0.3878760503071232
Common Nighthawk,slope,1.8806234623027018,0.231930325862618
Common Pochard,slope,0.5317844883569518,0.4122314073071647
Common Poorwill,slope,0.8979882077063256,0.2547889825241913
Common Raven,slope,1.4038774669391643,0.13539363575742067
Common Redpoll,slope,0.9021769148955051,0.27752200694158924
Common Redshank,slope,0.48972068748839104,0.34545552076438824
Common Ringed Plover,slope,0.74259847849447,0.4929157007158332
Common Shelduck,slope,0.48425583355045304,0.37186057225935204
Common Tern,slope,0.3524162711055159,0.394607348129191
Common Wood-Pigeon,slope,1.1512002717185337,0.32630131036977345
Common Yellowthroat,slope,1.2209120846359374,0.17340825415753494
Connecticut Warbler,slope,0.7727078061648517,0.30604897111225143
Cooper's Hawk,slope,0.9343692024328436,0.30020890415768525
Cordilleran Flycatcher,slope,0.6824746900481137,0.27329143532449196
Costa's Hummingbird,slope,1.221580700779318,0.47798719672138584
Couch's Kingbird,slope,0.9049109629047656,0.5164049674904326
Crested Caracara,slope,0.8262582436614229,0.31348523173389675
Crimson-headed Partridge,slope,0.5903005319946029,0.49248316439703194
Crissal Thrasher,slope,1.2402680608388863,0.5067739822626389
Cundinamarca Antpitta,slope,0.8926586330106374,0.42971114385822046
Curve-billed Thrasher,slope,1.0864570898320487,0.35219698969181124
Dark-eyed Junco,slope,1.4398944586317093,0.1691186776311814
Dickcissel,slope,1.63950685642902,0.13763942250167988
Downy Woodpecker,slope,1.3879922009944239,0.1736529806214229
Dunlin,slope,0.6162318154136827,0.31985165219620454
Dusky Flycatcher,slope,1.0046555762502813,0.3651687778346509
Dusky Starfrontlet,slope,0.9877939002243783,0.534096056936178
Eastern Bluebird,slope,1.5981004845220084,0.12702963604158732
Eastern Kingbird,slope,1.3757331654949494,0.15322823917367828
Eastern Meadowlark,slope,1.5893125397758276,0.15955015187322455
Eastern Phoebe,slope,1.6108160642635831,0.17484229451015817
Eastern Screech-Owl,slope,0.5390378364351243,0.24803392019681358
Eastern Towhee,slope,1.4401843833052392,0.13006548901296602
Eastern Whip-poor-will,slope,1.0607097327855375,0.20461697078717755
Eastern Wood-Pewee,slope,1.1629465966592043,0.21575868453319938
Edwards's Pheasant,slope,0.6250073206719934,0.3217754759438568
Elf Owl,slope,0.8475457153160264,0.4404104989884267
Esmeraldas Woodstar,slope,0.9728510223334895,0.5469330997020615
Eurasian Blackbird,slope,1.3192510097006627,0.39234883039998647
Eurasian Collared-Dove,slope,1.153142968168765,0.10118273233440744
Eurasian Coot,slope,0.5203433863298645,0.31883095291134206
Eurasian Curlew,slope,0.5789340011405764,0.35151966288280523
Eurasian Jackdaw,slope,0.9786847288099629,0.33786991203647615
Eurasian Kestrel,slope,0.9706548110512044,0.5308447714840301
Eurasian Oystercatcher,slope,0.6002193992123153,0.31775200451154034
Eurasian Sparrowhawk,slope,0.9616785527007372,0.5431928562555959
Eurasian Tree Sparrow,slope,0.45149026935863634,0.4920911459910987
Eurasian Wigeon,slope,0.5171264997180174,0.2655037435234471
European Golden-Plover,slope,0.5788457233383935,0.29080646121705234
European Starling,slope,1.0058877048299089,0.1394100395164865
European Stonechat,slope,0.9960090264985995,0.5424536533633523
Evening Grosbeak,slope,1.2901107399212906,0.22927696787704846
Fernandina's Flicker,slope,0.8024444886683221,0.52672913777087
Ferruginous Duck,slope,1.6630492490206688,0.3334062688096317
Ferruginous Hawk,slope,0.9325165534551818,0.2637360719723346
Field Sparrow,slope,1.4652339921167508,0.14616789403730412
Fiji Goshawk,slope,0.8826608626367194,0.5154251489454329
Fiji Petrel,slope,1.421029439113974,0.3607613654708885
Fischer's Turaco,slope,0.9880803285096349,0.5399695254472637
Fish Crow,slope,1.2287920193959965,0.23617425754846155
Flammulated Owl,slope,1.1576067213616392,0.3601163248280568
Flores Crow,slope,0.8766229220265186,0.5360475043500608
Flores Hawk-Eagle,slope,0.9719719796549678,0.5580980444325486
Flores Scops-Owl,slope,-0.09636827584305352,0.29767205693683163
Forest Buzzard,slope,1.0198923439609227,0.5083902237192232
Forty-spotted Pardalote,slope,1.1147870510627513,0.49342278196461825
Fox Sparrow,slope,0.8991893485327354,0.19658479943578938
Fringe-backed Fire-eye,slope,0.7165663806283786,0.46962348336246607
Gadwall,slope,0.1374048604029141,0.4417245441782229
Galapagos Hawk,slope,0.3974183467640724,0.4299148708043231
Galapagos Martin,slope,0.9952653303314162,0.546659384056927
Gambel's Quail,slope,0.63060625253782,0.22299258135135
Garganey,slope,1.55703143340462,0.488622431965546
Genovesa Cactus-Finch,slope,1.4308776043802982,0.4351008374441383
Genovesa Ground-Finch,slope,1.2714335403789663,0.36956274694596564
Giant Antpitta,slope,0.8804908098984898,0.4867637712327492
Giant Kingbird,slope,0.6165557345601419,0.43875913414271145
Gila Woodpecker,slope,1.0040938191603295,0.3363381176127585
Gilded Flicker,slope,0.9804183081595892,0.5487628098002223
Glaucous Gull,slope,1.4599071535880044,0.4221429221090028
Gold-ringed Tanager,slope,1.0030556085477182,0.49762311757078476
Golden-cheeked Warbler,slope,0.9391283475088815,0.5403458707080997
Golden-crowned Kinglet,slope,1.183328623636873,0.17216930466801614
Golden-crowned Sparrow,slope,1.7692290537077728,0.35843561082952674
Golden-fronted Woodpecker,slope,0.7134519371510768,0.31667278797042014
Golden-winged Warbler,slope,1.36812595730986,0.29911083116184367
Golden Swallow,slope,0.6397668110859821,0.3901193764488982
Grace's Warbler,slope,0.9831597174251977,0.26953842281061285
Grasshopper Sparrow,slope,1.430412325227297,0.16598458377650777
Gray-breasted Parakeet,slope,0.6328883700680409,0.3521772640821489
Gray-cheeked Thrush,slope,0.4174507941648301,0.18131898797264911
Gray-fronted Quail-Dove,slope,0.9738812146910565,0.5462077398644724
Gray Catbird,slope,1.1985723609809826,0.12349172751297538
Gray Flycatcher,slope,0.8350341416458289,0.35323816846861583
Gray Heron,slope,0.5908175161537998,0.4466193571404651
Gray Kingbird,slope,1.0657758222247695,0.39521041781533395
Gray Partridge,slope,0.910199150410988,0.15728283214689673
Gray Vireo,slope,1.0240336128634582,0.3235019915562608
Graylag Goose,slope,0.5578584475700201,0.31743341101620837
Great-tailed Grackle,slope,1.0763836672565812,0.14196019545258776
Great Cormorant,slope,0.2540840457173561,0.32539664452333933
Great Crested Flycatcher,slope,1.3567383086148148,0.20429612953928836
Great Crested Grebe,slope,0.3789294427410933,0.43082088638537325
Great Egret,slope,1.5693095261822227,0.5351382709022813
Great Horned Owl,slope,1.0698844403834586,0.15749903027022844
Greater Adjutant,slope,-0.10492335902895955,0.30479583990512454
Greater Pewee,slope,1.359174581172309,0.48490172480296384
Greater Prairie-Chicken,slope,0.9264640696716737,0.40006723239238157
Greater Roadrunner,slope,0.8057712859892517,0.24055878028087196
Greater Scaup,slope,0.9014903322006512,0.5465724076860909
Green-billed Coucal,slope,0.8692298815650203,0.5394829187254547
Green-capped Tanager,slope,0.8571861981143837,0.5207604706937068
Green-tailed Towhee,slope,1.7077665085418636,0.313793621537721
Green-winged Teal,slope,0.4757457390517319,0.2898825242514194
Green Jay,slope,0.767121939724398,0.5252241804658525
Green Racquet-tail,slope,0.6219078888838878,0.31882531313867435
Groove-billed Ani,slope,0.7726275132748237,0.5465854126940547
Gundlach's Hawk,slope,1.0743207190632087,0.510182454836917
Hainan Leaf Warbler,slope,0.7017764478333892,0.45068671296899065
Hairy Woodpecker,slope,0.813769225567426,0.18464630245925973
Hammond's Flycatcher,slope,1.3575849729149856,0.3138274098057461
Harris's Hawk,slope,1.2070295912178137,0.4036075526135076
Hawaiian Coot,slope,0.6212940761524902,0.3087233435089831
Hawaiian Goose,slope,0.5639009297615806,0.3856512143255158
Helmeted Curassow,slope,0.9850368109289167,0.49620758244527635
Henna-hooded Foliage-gleaner,slope,0.9768233777165563,0.5460773004709666
Henslow's Sparrow,slope,0.6745177650965986,0.26543447365289374
Hepatic Tanager,slope,0.6854303377330477,0.26884773662493094
Hermit Thrush,slope,2.1147065980456543,0.2465466911145915
Hermit Warbler,slope,0.7076445175553618,0.4142254418290775
Himalayan Quail,slope,0.35888073691099587,0.3172788542952425
Hinde's Pied-Babbler,slope,0.7149364896823593,0.4731760378314167
Hispaniolan Parakeet,slope,0.4509616264759888,0.34181201026692937
Hoary Redpoll,slope,0.8480427251980124,0.19533751938699875
Honduran Emerald,slope,0.7815921922521969,0.37324205579156855
Hooded Antpitta,slope,0.5869765729486585,0.4452340259647341
Hooded Oriole,slope,1.2498159700842408,0.5486521461017607
Hooded Warbler,slope,1.6175466150782696,0.22455947357533837
Hook-billed Hermit,slope,0.11628023649078378,0.30801766084101634
Horned Lark,slope,1.3037405113835314,0.1652383251870284
Hottentot Buttonquail,slope,0.9671350447828564,0.43274212117786837
House Finch,slope,1.3771726430315954,0.16964177934012412
House Sparrow,slope,1.0970900414156117,0.1266449822101425
House Wren,slope,1.3220591269233684,0.13571700106840093
Hutton's Vireo,slope,0.6584724903924619,0.4515279538715701
Iceland Gull,slope,1.374729087267112,0.4074114899989588
Imperial Parrot,slope,1.088451472455525,0.46947241464790435
Inca Dove,slope,1.1219705696137035,0.29658220962093
Indigo-winged Parrot,slope,0.7437182611079347,0.5026522949118385
Indigo Bunting,slope,1.4431306401317165,0.10385488689912552
Indigo Macaw,slope,0.084619743198184,0.24834723218067833
Jamaican Blackbird,slope,1.115905714624076,0.5138969328705932
Java Sparrow,slope,0.6321965292110354,0.32035747559066347
Javan Cochoa,slope,0.09689050350232797,0.3079554627431732
Javan Flameback,slope,0.6600052521488526,0.4943385144842337
Javan Green-Magpie,slope,0.8166986677042182,0.3193514343180925
Javan Hawk-Eagle,slope,0.868994007753828,0.5463773425541384
Javan Plover,slope,0.5320223754337914,0.49682997315376
Jerdon's Babbler,slope,0.772101108487839,0.47776720322949096
Jerdon's Courser,slope,0.7424953874683151,0.31913208054225833
Jocotoco Antpitta,slope,1.1339135280142658,0.4811774658366566
Juniper Titmouse,slope,1.3948431399170915,0.3004251134985686
Kentucky Warbler,slope,0.8911617425721496,0.2280812065484552
Knysna Warbler,slope,0.8929353642365154,0.5498446646069812
Knysna Woodpecker,slope,1.0481861858816968,0.5419599088600884
La Selle Thrush,slope,1.0284843908845949,0.5439541592086296
Ladder-backed Woodpecker,slope,0.36578285425582857,0.27697743742712044
Lapland Longspur,slope,0.6686402183668829,0.17470132663218715
Lark Bunting,slope,1.3009209793646146,0.1876126599029029
Lark Sparrow,slope,1.2348380960753065,0.146664480760655
Laurel Pigeon,slope,1.1239515732206702,0.4926130488808773
Lawrence's Goldfinch,slope,0.9572826401690966,0.5548165787877541
Laysan Finch,slope,1.6165847970911305,0.3226622418315212
Lazuli Bunting,slope,1.4496671948863495,0.19489738890959166
Least Flycatcher,slope,1.6713804898431808,0.1584868770587584
LeConte's Sparrow,slope,0.8844771616452927,0.2557049092889976
LeConte's Thrasher,slope,1.126480630828952,0.26656284830328253
Lesser Goldfinch,slope,0.9825821223891941,0.3276043392756778
Lesser Nighthawk,slope,1.610871654272139,0.6714974971047257
Lewis's Woodpecker,slope,0.7082686418734041,0.2237239406868604
Lincoln's Sparrow,slope,1.1674907904403824,0.2255804551377621
Little Grebe,slope,0.584294709679055,0.4840891271945294
Loggerhead Shrike,slope,1.1254243180322376,0.1630470915742812
Long-billed Tailorbird,slope,0.9641368050789416,0.5451176654611091
Long-billed Thrasher,slope,0.9303505965489305,0.5489164032192249
Long-eared Owl,slope,0.5217249414127564,0.22472724276356754
Louisiana Waterthrush,slope,1.1640831768703386,0.22900400128953718
Lucy's Warbler,slope,0.7555030976472434,0.3967573900719233
MacGillivray's Warbler,slope,1.3442730088084003,0.3048129368338359
Madagascar Jacana,slope,0.940431055132926,0.5477711410152027
Madagascar Pochard,slope,0.3080857568477787,0.41120374501512985
Madagascar Serpent-Eagle,slope,0.6277736507955933,0.31740226857142195
Magnolia Warbler,slope,1.1825089405118259,0.31171672179574195
Malayan Peacock-Pheasant,slope,0.8240450155455967,0.41868152539852793
Malherbe's Parakeet,slope,0.7597118513957277,0.5410203647869981
Mallee Emuwren,slope,0.4471439899774817,0.5014919289712485
Mangrove Cuckoo,slope,0.9813034264688728,0.4230704184308046
Mangrove Hummingbird,slope,0.9131428849246771,0.5521139419036796
Manipur Bush-Quail,slope,0.5386079220231655,0.318498139458798
Manx Shearwater,slope,0.8012324682475013,0.36700121244802747
Mariana Crow,slope,0.9386517863159195,0.4402935164091035
Mariana Swiftlet,slope,1.2217080993055665,0.44789338634869996
Marsh Tapaculo,slope,0.9524522889983181,0.5536880113952513
Marsh Wren,slope,1.3661381721785444,0.17798556421141612
Marvelous Spatuletail,slope,0.9322489176225814,0.5351193426489808
Mascarene Petrel,slope,0.9215345490992096,0.32110400651203685
Maui Parrotbill,slope,1.2264312365653827,0.5192952182347452
Mauritius Kestrel,slope,0.95919574082796355,0.5518959399493963
McCown's Longspur,slope,0.7009238793498547,0.3685448223996895
Meadow Pipit,slope,1.3301474215487814,0.4657175334968733
Merlin,slope,0.7579874790082369,0.20631218541056853
Mew Gull,slope,0.6833814506219709,0.42686646763790365
Mexican Jay,slope,0.7195962871085237,0.4253091257773974
Mexican Sheartail,slope,1.1095783628418505,0.516652728375894
Mexican Whip-poor-will,slope,0.965085107942098,0.5391920867334846
Micronesian Scrubfowl,slope,0.9770464758845718,0.5495027107673746
Mississippi Kite,slope,0.9228535423688778,0.187024480405608
Moluccan Goshawk,slope,0.9034563409056633,0.5382540103857335
Monk Parakeet,slope,0.6885402501215049,0.5332006358343799
Mountain Bluebird,slope,1.0612789608096216,0.17625884747382833
Mountain Chickadee,slope,0.9846867947347746,0.26409647975929124
Mountain Grackle,slope,0.8971971012273696,0.46778535930727305
Mountain Quail,slope,1.2843145608481563,0.31754314985374876
Mourning Dove,slope,1.2971269034999258,0.16690081261978854
Mourning Warbler,slope,1.3499816841493089,0.2599722930208262
Moustached Antpitta,slope,0.7582511700968999,0.5155233480071224
Mute Swan,slope,0.2974390778053778,0.350525218280996
Nashville Warbler,slope,1.1209285579502535,0.1914252124954274
Nelson's Sparrow,slope,0.6485574848047786,0.22642369230697637
New Britain Bronzewing,slope,0.4694953999702465,0.31559066929726093
New Britain Kingfisher,slope,0.7767103786455662,0.5146052368277065
New Caledonia Goshawk,slope,0.9430266416689499,0.5315733330560811
New Zealand Grebe,slope,0.33642187887205954,0.47337661009461945
Nicobar Jungle-Flycatcher,slope,-0.2258827364403213,0.29340073332207384
Nicobar Scrubfowl,slope,0.9169584136766329,0.5472394667180939
Night Parrot,slope,0.8578390018867017,0.31701248638544655
Nilgiri Pipit,slope,0.8799424195270895,0.546601824274105
Nilgiri Wood-Pigeon,slope,0.9817724810550942,0.5136076391291557
Northern Bald Ibis,slope,0.19021163421296006,0.3102006743814406
Northern Cardinal,slope,1.6342754816993557,0.11840715257700984
Northern Flicker,slope,0.7961701576953933,0.18295789812264798
Northern Goshawk,slope,0.510869061252879,0.23612787508506247
Northern Harrier,slope,1.185600618997503,0.1517355428293266
Northern Lapwing,slope,0.5815645606285014,0.27435980297775964
Northern Mockingbird,slope,1.3245064845920718,0.08026805997845082
Northern Parula,slope,1.7575452977018329,0.183723709611562
Northern Pygmy-Owl,slope,0.9677414983914587,0.2883600883437524
Northern Rough-winged Swallow,slope,1.166930659442876,0.1595105099041254
Northern Screamer,slope,0.6172343795815972,0.49540605885988653
Northern Shoveler,slope,0.42996663594441464,0.5348502262178648
Northern Waterthrush,slope,1.696804664997193,0.2517024008461486
Northern Wheatear,slope,0.5412860672132606,0.20140499664275527
Northwestern Crow,slope,0.7382427642088116,0.18895338824790617
Nuttall's Woodpecker,slope,1.0749064293607347,0.535755887510696
Oak Titmouse,slope,1.3231732517988974,0.45697883339617035
Ochraceous Attila,slope,1.0085655459434921,0.5424558534256511
Ochre-fronted Antpitta,slope,0.9866872128528703,0.5464779149136563
Okarito Brown Kiwi,slope,1.0552028835476945,0.496962048276623
Okinawa Woodpecker,slope,0.8626184158261567,0.48942583092857705
Olive-sided Flycatcher,slope,0.82298441748112094,0.2972942498724928
Olive Sparrow,slope,1.0409797881058018,0.5288974775386223
Olive Warbler,slope,0.9387660733110167,0.5377871375438837
Orange-crowned Warbler,slope,1.6630177275308213,0.3046700347403875
Orange-necked Partridge,slope,0.059486705055448175,0.30629427404116855
Orchard Oriole,slope,1.6580215518554298,0.18487256282089407
Osprey,slope,1.0007435005701313,0.13638494448016927
Ovenbird,slope,1.5728279763646085,0.17506428946587654
Pacific-slope Flycatcher,slope,1.8150398677268602,0.37740980563186916
Pacific Wren,slope,1.0790526848755801,0.28869720604260324
Painted Bunting,slope,1.7580382447090086,0.2703067600679718
Painted Redstart,slope,0.737385613699741,0.48933622317537284
Palau Ground-Dove,slope,0.4005689865907073,0.48715386546212686
Palau Nightjar,slope,0.12501920154975366,0.4665858724874114
Palawan Hornbill,slope,0.8822307061583106,0.48316344726857685
Palila,slope,1.2723724902692481,0.4512145253900373
Palm Lorikeet,slope,0.949794076377231,0.5420490061899932
Palm Warbler,slope,1.2297832355590803,0.42088303852055103
Paramillo Tapaculo,slope,0.9919720030522059,0.5332814261609667
Pernambuco Foliage-gleaner,slope,1.0490908976408528,0.5084067132782466
Peruvian Plantcutter,slope,0.9532141178865426,0.4262141488165031
Phainopepla,slope,0.672078936274039,0.5146442263915111
Philadelphia Vireo,slope,1.0856063304944243,0.23813698451329432
Philippine Cockatoo,slope,0.575633910671134,0.31934618487652194
Philippine Eagle,slope,0.8987437284491785,0.31857204921189647
Pied Goshawk,slope,0.9313775006180963,0.5510832703880751
Pileated Woodpecker,slope,1.2251483624427373,0.24871641368448436
Pine Grosbeak,slope,0.9189716481209473,0.22559648151370565
Pine Siskin,slope,1.5804971678587552,0.19728866086802438
Pine Warbler,slope,1.464796028031555,0.18658250522209086
Pink-billed Parrotfinch,slope,0.576931543442422,0.5500297095584676
Pink-legged Graveteiro,slope,1.063115387794947,0.5124414719065963
Pinto's Spinetail,slope,0.9645431407207279,0.5434758485949673
Pinyon Jay,slope,1.0927390214827686,0.22817258729326587
Plain-pouched Hornbill,slope,0.19075908488818294,0.35811399080092216
Plain Pigeon,slope,0.9880187884584254,0.5490319608974693
Plains-wanderer,slope,1.033116551737929,0.5457209474903489
Plumbeous Antvireo,slope,0.9642081419714479,0.5420189491821568
Plumbeous Vireo,slope,1.3708002386016278,0.28615715800390085
Prairie Falcon,slope,1.0522209252051544,0.3419123040312107
Prairie Warbler,slope,1.4065987676437266,0.25843659567739347
Prothonotary Warbler,slope,1.4325910131197928,0.2239552199264978
Puaiohi,slope,-0.3412182793442806,0.28696303667683554
Puerto Rican Nightjar,slope,1.124541400607583,0.47048705609959407
Puerto Rican Parrot,slope,0.31618590851176165,0.31284755496980904
Purple-naped Lory,slope,0.23799839056231364,0.3117937973984705
Purple Finch,slope,1.4457275461869494,0.22142563182768282
Purple Martin,slope,1.1061294913653497,0.13672497782354961
Purple Quail-Dove,slope,0.9456135408771464,0.4289883388779813
Pygmy Nuthatch,slope,1.1404987230155788,0.304255913842584
Pyrrhuloxia,slope,1.001092975744867,0.544764322523632
Razorbill,slope,0.6170436136569706,0.34594292627318607
Recurve-billed Bushbird,slope,0.9693248489226824,0.5425200324755559
Red-bellied Woodpecker,slope,1.980414719940515,0.18486544752811834
Red-billed Curassow,slope,0.3506502112182631,0.31677389822694874
Red-breasted Merganser,slope,0.7896222298457891,0.5386696424737525
Red-breasted Nuthatch,slope,1.587294691870543,0.16498151382021262
Red-breasted Sapsucker,slope,0.9109638093280397,0.2425044158115304
Red-browed Parrot,slope,0.9137217649727352,0.5580759279210864
Red-crowned Parrot,slope,0.4988858660812085,0.3453571125500908
Red-eyed Vireo,slope,1.3092021619237593,0.13106975309539168
Red-faced Warbler,slope,0.8763386041327045,0.5297716301489138
Red-fronted Macaw,slope,0.5693478904280593,0.3211380681054802
Red-headed Flameback,slope,0.9711198885079014,0.5487962162815422
Red-headed Woodpecker,slope,1.3600399778403034,0.17273679820661986
Red-naped Sapsucker,slope,1.221245009313604,0.28747482439712974
Red-necked Grebe,slope,1.6102742783055024,0.41284335729488153
Red-necked Parrot,slope,0.9481222475563905,0.3196206932390474
Red-shouldered Hawk,slope,1.3536847287576186,0.16643290011472736
Red-shouldered Vanga,slope,0.5622115848370839,0.48993384714246085
Red-tailed Hawk,slope,1.241932276322526,0.2056870634209506
Red-throated Lorikeet,slope,0.9608179547974914,0.32156541423026735
Red-winged Blackbird,slope,1.3567622287111911,0.14767217499014432
Red Crossbill,slope,1.2775959437353912,0.19685060548878897
Red Knot,slope,0.6481539350375964,0.33519322235853666
Red Siskin,slope,0.013620562136889003,0.30547435127470884
Ring-billed Gull,slope,1.4512735996079402,0.3060944280064779
Ring-necked Duck,slope,1.6716418774488,0.35908059188080693
Ring-necked Pheasant,slope,1.0997167616512271,0.10211761605523952
Rock Pigeon,slope,0.5265351823719101,0.14569317350641448
Rock Ptarmigan,slope,0.34699566135992865,0.17705678919595338
Rock Wren,slope,2.039797769858897,0.3099259783111354
Rondonia Bushbird,slope,0.30719618467110377,0.3157887015870216
Rook,slope,1.0176256648626674,0.3679577847742498
Rose-breasted Grosbeak,slope,1.4461634259205303,0.20890250895306525
Roseate Tern,slope,1.483333373668611,0.44630864955974625
Rough-legged Hawk,slope,0.9251009886975143,0.31024841312392515
Ruby-crowned Kinglet,slope,1.557115499600373,0.20682399680700322
Ruby-throated Hummingbird,slope,1.4808218871486427,0.25759847380898926
Rudd's Lark,slope,0.9614042601170849,0.5315876651129195
Ruddy Turnstone,slope,0.6720334842621192,0.4552858051538567
Ruff,slope,0.6629621191251266,0.561747990219061
Rufous-breasted Warbling-Finch,slope,0.5888966494028327,0.31850666888549983
Rufous-brown Solitaire,slope,1.068619391532477,0.5449800396699952
Rufous-crowned Sparrow,slope,0.6081169279402531,0.41856499944320963
Rufous-fronted Laughingthrush,slope,0.5486888150459317,0.3152824638578814
Rufous-necked Sparrowhawk,slope,0.8990344941126535,0.49808174620156714
Rufous-throated Dipper,slope,1.0920240880834977,0.5155511220595682
Rufous-winged Sparrow,slope,0.9305940397129485,0.5310735628061123
Rufous Hummingbird,slope,0.6637238258794478,0.30488936954997564
Rusty-throated Wren-Babbler,slope,0.9654766099128793,0.5590715146595644
Rusty Blackbird,slope,0.7722151489486464,0.19147873660143871
Saffron Siskin,slope,0.9012902982778994,0.5220806370613903
Sage Thrasher,slope,2.0337392985647127,0.31667016731239694
Sagebrush Sparrow,slope,0.287887972565925,0.31032316234673796
Saipan Reed Warbler,slope,1.2768474051522958,0.5312072502560957
Sakalava Rail,slope,0.33770009090528186,0.48502215379309693
Samoan Flycatcher,slope,1.0303435750931718,0.4848079243101096
Samoan White-eye,slope,1.0860449738526758,0.5014811856663266
San Andres Vireo,slope,1.5918481730015104,0.3763536965098623
Sanderling,slope,0.6286101701644273,0.4989862493978268
Sandwich Tern,slope,0.41174815475750803,0.41199361378946303
Sanford's Sea-Eagle,slope,0.8456498517354257,0.5442668754145191
Santa Marta Bush-Tyrant,slope,1.1005454434358695,0.5323942352128143
Sapphire-bellied Hummingbird,slope,0.913911873207464,0.5482066251827067
Savannah Sparrow,slope,1.5704253467209606,0.15091829585321928
Say's Phoebe,slope,0.947199341717003,0.1938403501757991
Scaled Quail,slope,1.0009388069285492,0.3953777740110399
Scarlet Tanager,slope,1.2734609496600742,0.16263107437907548
Scimitar-winged Piha,slope,0.942098583534433,0.5186908212352598
Scissor-tailed Flycatcher,slope,1.3392415107053548,0.18421715834170604
Scott's Oriole,slope,1.1212637077004624,0.29043465688967185
Seaside Sparrow,slope,0.7125084518783127,0.3092932672188694
Sedge Wren,slope,1.489051699199833,0.22150123885738335
Selva Cacique,slope,0.3427433735889386,0.31556269070583726
Seychelles Parrot,slope,1.0450718506486898,0.36516570326841863
Seychelles Swiftlet,slope,1.2521920195496838,0.46979318555190114
Sharp-shinned Hawk,slope,0.40739750677664155,0.1860896018069269
Sharp-tailed Grouse,slope,1.1860816456041707,0.29355580049703484
Shelley's Crimsonwing,slope,0.8752952822032369,0.46442343364570104
Shore Plover,slope,1.4239709235634899,0.4298310002355833
Short-eared Owl,slope,0.7914623212315008,0.17580248174794702
Shy Ground-Dove,slope,0.8725370603462418,0.5240817029052712
Sierra Madre Sparrow,slope,1.3871671047086962,0.371906754620989
Slaty Becard,slope,1.0615627616246743,0.5137628309591469
Slaty Cuckoo-Dove,slope,0.9693932263839031,0.5456937565103279
Slaty Egret,slope,0.982543067840035,0.5463297977725029
Slender-billed Flufftail,slope,0.544891509904979,0.33396953258238465
Snoring Rail,slope,0.43031836186873407,0.31812498650544424
Snow Bunting,slope,0.4133121056647948,0.18542063358722896
Sokoke Pipit,slope,0.9998310231079962,0.5465048581470672
Solomons Frogmouth,slope,0.912903542654852,0.5330401107494327
Solomons Nightjar,slope,0.877216356007992,0.49494456311236734
Song Sparrow,slope,1.1040415482742032,0.10571972476271267
Southern Silvery-Kingfisher,slope,0.982282553290266,0.5469225722346134
Spot-throated Flameback,slope,0.9025385678831597,0.4948700284140862
Spotted Ground-Thrush,slope,0.6833202401612228,0.5160508561627963
Spotted Towhee,slope,1.9523832350222166,0.2680800320722747
Sprague's Pipit,slope,0.934467434023162,0.3801828634073746
Sri Lanka Whistling-Thrush,slope,0.9832697294391693,0.5424762053756911
St. Lucia Black Finch,slope,1.0029155127923948,0.44691004599671535
St. Lucia Oriole,slope,1.1344746164358006,0.5175979165789185
St. Lucia Parrot,slope,0.6866087181660021,0.32232052743927514
Steller's Jay,slope,1.0943230552900356,0.29308332973520074
Striated Caracara,slope,0.5432259169449684,0.4657050625218434
Sumatran Cochoa,slope,0.39022858650376924,0.3116003614614977
Summer Tanager,slope,1.5082474092418297,0.19742852327174115
Sun Parakeet,slope,0.6286177151760066,0.3187512506518622
Sunda Coucal,slope,0.2739905913968279,0.31479974165127605
Swainson's Hawk,slope,1.2565091387657972,0.19962115490005547
Swainson's Thrush,slope,1.729229942483655,0.18670024577227534
Swainson's Warbler,slope,0.47746549476176403,0.3240527982338322
Swamp Prinia,slope,0.9129258156566982,0.420056826287579
Swamp Sparrow,slope,1.6108326054412156,0.2506635901514625
Talaud Bush-hen,slope,0.9532583585114075,0.5751994742479043
Talaud Rail,slope,0.537557082350915,0.5488305610822188
Tanimbar Scrubfowl,slope,0.9827176422997771,0.5017300170495697
Tennessee Warbler,slope,1.7335915839927352,0.19600336511259978
Timor Green-Pigeon,slope,0.7921179269242314,0.45916605244734454
Tolima Dove,slope,0.900170630085674,0.5036497676764791
Tooth-billed Pigeon,slope,0.36059683788627084,0.31542641709246444
Townsend's Solitaire,slope,0.5828997348292411,0.23210020661625563
Townsend's Warbler,slope,1.072755262773126,0.4446358241078445
Tree Swallow,slope,0.8694095121437334,0.13212618974934817
Trinidad Piping-Guan,slope,0.9649538885604279,0.5451574154502601
Tucuman Mountain-Finch,slope,1.0429301073314903,0.5189444639450329
Tufted Duck,slope,0.48707320472534726,0.331071619805289
Tufted Titmouse,slope,1.7038060018597474,0.15137052988361321
Turkey Vulture,slope,1.5596268592712486,0.17046024317033195
Turquoise Dacnis,slope,0.9813040800036666,0.5547259515081564
Tuxtla Quail-Dove,slope,0.8793303878677415,0.5569126748710972
Usambara Hyliota,slope,0.6242292663284131,0.5928031062602381
Usambara Weaver,slope,0.8721840405721403,0.5287812296258908
Van Dam's Vanga,slope,0.9656786114850222,0.5028287589896601
Varied Bunting,slope,0.888679710724656,0.5109297249325532
Varied Thrush,slope,1.5150358095958203,0.24922957872626447
Vaux's Swift,slope,1.7783300085256744,0.27086054812734056
Veery,slope,1.2441095118568457,0.1277858887317657
Venezuelan Sylph,slope,0.9817068155981128,0.5316916759072152
Venezuelan Wood-Quail,slope,0.8432038548427373,0.53685339155279
Verdin,slope,0.2788738559338937,0.416857943517065
Vermilion Flycatcher,slope,0.968361817779864,0.22408561231211604
Vesper Sparrow,slope,1.4506818891250006,0.14000412956685343
Vinous-breasted Sparrowhawk,slope,1.0341591924652265,0.49966043499236845
Violet-green Swallow,slope,1.4459096467997727,0.2633464384888331
Violet-throated Metaltail,slope,0.8270940323093645,0.4741825722224368
Virginia's Warbler,slope,1.7626746719579045,0.3135865729623026
Warbling Vireo,slope,1.450827302466869,0.14484841067743742
Wattled Curassow,slope,0.5945365974949268,0.31689818893145
Western Bluebird,slope,1.4133101898916094,0.24006840558069822
Western Kingbird,slope,1.4037824076707204,0.12896902911126285
Western Meadowlark,slope,1.1618740394028668,0.11591175938164601
Western Screech-Owl,slope,1.0167661777495116,0.23932550077984724
Western Tanager,slope,1.2346889350277297,0.19134841571276492
Western Wood-Pewee,slope,1.2544662466208978,0.1986869361544588
Wetar Ground-Dove,slope,0.3260424687569675,0.312907021393035
White-bearded Antshrike,slope,0.7571026202526459,0.49396879258315596
White-bellied Heron,slope,1.3291814805446447,0.47632550291387726
White-breasted Nuthatch,slope,1.3832234591449604,0.17888320076404055
White-breasted Thrasher,slope,1.3298773286059435,0.37599982222547407
White-chested White-eye,slope,-0.17418389539338341,0.2944713633183837
White-crowned Sparrow,slope,0.9728813121440049,0.32164676930381625
White-eyed Vireo,slope,1.671294939436338,0.17520469176356507
White-fronted Quail-Dove,slope,0.7910238553445413,0.5143776098432579
White-headed Woodpecker,slope,0.5712741367322328,0.37040779799944684
White-necked Crow,slope,0.9398346848218703,0.5076640094486482
White-necked Hawk,slope,0.7729219742971443,0.40726559028347614
White-necked Parakeet,slope,0.8315454784239993,0.4630930329205266
White-tailed Kite,slope,0.9663343806374962,0.2521993160418526
White-throated Barbtail,slope,0.9657143688910041,0.5660357531998792
White-throated Dipper,slope,0.8799898008435906,0.49034763241151097
White-throated Sparrow,slope,1.6816967103699363,0.20037636154537705
White-throated Swift,slope,0.5504203837813411,0.1959322497855062
White-winged Apalis,slope,0.9062439350613296,0.5370561973228425
White-winged Crossbill,slope,1.210607592114759,0.139531995395728
White-winged Dove,slope,1.234826481717626,0.18044774470508207
White-winged Nightjar,slope,0.9492571572405829,0.5243152204139188
White-winged Warbler,slope,0.9959070772726719,0.5501016540035342
White Wagtail,slope,1.0986111762605992,0.4502758304772582
Whooper Swan,slope,1.0842328107763304,0.2736867650280188
Whooping Crane,slope,0.9553021954117007,0.5146317682523015
Williamson's Sapsucker,slope,1.3288760217128037,0.3700470777765929
Willow Flycatcher,slope,1.3936047838858618,0.16507354993179832
Willow Ptarmigan,slope,0.3086667929873331,0.21082860547376042
Wilson's Warbler,slope,1.572035722179303,0.2421488202983999
Winter Wren,slope,1.7093908422400634,0.2541284652317663
Wood Thrush,slope,1.2877263042094407,0.14218761639256755
Woodhouse's Scrub-Jay,slope,1.4669645784569834,0.2106737539922021
Worm-eating Warbler,slope,1.2298686686984468,0.2047356063010886
Worthen's Sparrow,slope,0.40776258268599797,0.36174398428521004
Wrentit,slope,1.161700750695785,0.49861331496298916
Yellow-bellied Flycatcher,slope,1.0884009853928662,0.3254470168314569
Yellow-bellied Sapsucker,slope,1.8090445111451605,0.20534721484569704
Yellow-billed Cotinga,slope,0.9774684255624538,0.5514109848485724
Yellow-billed Cuckoo,slope,1.4064747813751606,0.10809000509836487
Yellow-billed Magpie,slope,0.9682480350999173,0.5383679450466409
Yellow-breasted Chat,slope,1.6844393197076175,0.14126831603625972
Yellow-breasted Pipit,slope,1.0290960355445837,0.5279166797037773
Yellow-eyed Junco,slope,0.9823706435903651,0.45584477893824277
Yellow-faced Flameback,slope,0.6021774320387607,0.31717883696388477
Yellow-headed Blackbird,slope,1.3789984343169879,0.23412923649843714
Yellow-headed Brushfinch,slope,0.845018051161547,0.5464738653654925
Yellow-rumped Antwren,slope,0.8618982208010353,0.5129382887634434
Yellow-rumped Warbler,slope,2.079747360930405,0.2240228196837882
Yellow-shouldered Blackbird,slope,0.9573777052745345,0.42015842666323333
Yellow-shouldered Parrot,slope,0.7581102181834962,0.39878205463214794
Yellow-throated Vireo,slope,1.4706509219552626,0.23320076277257878
Yellow-throated Warbler,slope,1.5206835457435868,0.3616854384389622
Yellow Warbler,slope,1.3737337572065673,0.1459807096304052
Yellowhead,slope,0.9606150908296759,0.542049747336561
Zapata Rail,slope,0.3296048102704431,0.3146505571860068
Zapata Sparrow,slope,0.9171663778822766,0.5095111290388384
Zapata Wren,slope,1.0001453863464589,0.5342327567176849
Zone-tailed Hawk,slope,1.3835735517070036,0.5353114508663558
